index,l_pup_cent_x,l_pup_cent_y,l_pup_cent_z,l_pup_cent_val,l_pup_diam,l_pup_diam_val,l_gaze_dir_x,l_gaze_dir_y,l_gaze_dir_z,l_gaze_dir_val,r_pup_cent_x,r_pup_cent_y,r_pup_cent_z,r_pup_cent_val,r_pup_diam,r_pup_diam_val,r_gaze_dir_x,r_gaze_dir_y,r_gaze_dir_z,r_gaze_dir_val,gaze_pos_x,gaze_pos_y,gaze_pos_val,3d_gaze_pos_x,3d_gaze_pos_y,3d_gaze_pos_z,3d_gaze_pos_val,pts_time,vts_time,seconds
300928097,27.65,-23.24,-33.31,0.0,3.23,0.0,0.1265,0.2226,0.9667,0.0,-29.0,-20.89,-32.99,0.0,3.13,0.0,0.2013,0.2462,0.9481,0.0,0.3995,0.2943,0.0,105.14,129.06,583.97,0.0,,,0.0
300948084,27.65,-23.25,-33.31,0.0,3.22,0.0,0.1271,0.2218,0.9668,0.0,-29.02,-20.9,-32.98,0.0,3.13,0.0,0.2038,0.2464,0.9475,0.0,0.3983,0.2952,0.0,103.1,124.55,566.09,0.0,,,0.019987
300968094,27.66,-23.25,-33.31,0.0,3.22,0.0,0.1277,0.2216,0.9667,0.0,-29.02,-20.91,-32.97,0.0,3.13,0.0,0.2054,0.2461,0.9472,0.0,0.3975,0.2958,0.0,102.74,122.91,560.05,0.0,,,0.039997
300988082,27.66,-23.26,-33.31,0.0,3.22,0.0,0.1278,0.2212,0.9668,0.0,-29.03,-20.92,-32.96,0.0,3.12,0.0,0.2059,0.2454,0.9473,0.0,0.3973,0.2964,0.0,102.73,122.35,559.11,0.0,,,0.059985
301008063,27.66,-23.26,-33.31,0.0,3.22,0.0,0.1276,0.2205,0.967,0.0,-29.03,-20.93,-32.95,0.0,3.12,0.0,0.2057,0.2447,0.9475,0.0,0.3975,0.2973,0.0,102.7,122.04,559.73,0.0,,,0.079966
301028046,27.66,-23.26,-33.31,0.0,3.19,0.0,0.1269,0.2184,0.9676,0.0,-29.04,-20.93,-32.95,0.0,3.13,0.0,0.2051,0.2446,0.9477,0.0,0.3978,0.2992,0.0,100.54,118.87,549.79,0.0,,,0.099949
301048027,27.65,-23.26,-33.31,0.0,3.18,0.0,0.1272,0.2188,0.9674,0.0,-29.04,-20.93,-32.95,0.0,3.12,0.0,0.2044,0.2446,0.9478,0.0,0.398,0.2986,0.0,101.73,120.85,557.37,0.0,,,0.11993
301068015,27.65,-23.27,-33.31,0.0,3.19,0.0,0.127,0.2198,0.9673,0.0,-29.04,-20.93,-32.95,0.0,3.12,0.0,0.2039,0.2441,0.9481,0.0,0.3984,0.2979,0.0,103.22,123.38,567.36,0.0,,,0.139918
301227941,27.65,-23.27,-33.31,0.0,3.19,0.0,0.1274,0.219,0.9674,0.0,-29.04,-20.92,-32.95,0.0,3.13,0.0,0.2033,0.2431,0.9485,0.0,0.3986,0.2987,0.0,104.36,124.56,574.66,0.0,4078340.0,79866.0,0.299844
301247922,27.66,-23.27,-33.32,0.0,3.21,0.0,0.1278,0.2199,0.9671,0.0,-29.05,-20.92,-32.95,0.0,3.13,0.0,0.2028,0.2426,0.9487,0.0,0.3987,0.2978,0.0,106.79,128.06,588.59,0.0,4098321.0,99847.0,0.319825
301267909,27.66,-23.26,-33.32,0.0,3.22,0.0,0.128,0.2204,0.967,0.0,-29.05,-20.92,-32.96,0.0,3.14,0.0,0.2029,0.2418,0.9489,0.0,0.3987,0.2976,0.0,108.22,129.86,596.37,0.0,4118308.0,119834.0,0.339812
301287890,27.65,-23.26,-33.33,0.0,3.22,0.0,0.1276,0.2189,0.9674,0.0,-29.05,-20.92,-32.96,0.0,3.14,0.0,0.2025,0.2404,0.9493,0.0,0.3989,0.2995,0.0,107.91,128.84,596.45,0.0,4138289.0,139815.0,0.359793
301307877,27.44,-23.23,-33.42,0.0,3.18,0.0,0.0733,0.2159,0.9737,0.0,-29.2,-20.97,-32.98,0.0,3.19,0.0,0.1336,0.2338,0.9631,0.0,0.4406,0.3042,0.0,85.14,164.72,771.3,0.0,4158276.0,159802.0,0.37978
301327883,26.97,-23.24,-33.45,0.0,3.17,0.0,-0.0377,0.2279,0.973,0.0,-29.57,-21.0,-33.04,0.0,3.27,0.0,0.021,0.2287,0.9733,0.0,0.5119,0.3021,0.0,-9.38,197.84,904.49,0.0,4178282.0,179808.0,0.399786
301347873,26.57,-23.29,-33.41,0.0,3.23,0.0,-0.1181,0.2061,0.9714,0.0,-29.93,-20.99,-33.15,0.0,3.21,0.0,-0.0506,0.2135,0.9756,0.0,0.5603,0.3281,0.0,-70.9,149.74,764.42,0.0,4198272.0,199798.0,0.419776
301367852,26.42,-23.32,-33.36,0.0,3.26,0.0,-0.1455,0.1998,0.969,0.0,-30.08,-20.98,-33.18,0.0,3.2,0.0,-0.0768,0.2088,0.9749,0.0,0.5775,0.3353,0.0,-90.57,140.71,741.58,0.0,4218251.0,219777.0,0.439755
301387840,26.36,-23.34,-33.33,0.0,3.27,0.0,-0.1549,0.1986,0.9678,0.0,-30.15,-20.97,-33.2,0.0,3.2,0.0,-0.085,0.2065,0.9747,0.0,0.5833,0.3377,0.0,-96.4,137.16,730.68,0.0,4238239.0,239765.0,0.459743
301407821,26.34,-23.35,-33.3,0.0,3.27,0.0,-0.159,0.1986,0.9671,0.0,-30.19,-20.96,-33.21,0.0,3.2,0.0,-0.087,0.2036,0.9752,0.0,0.5854,0.3399,0.0,-96.71,132.55,713.79,0.0,4258220.0,259746.0,0.479724
301467803,26.34,-23.34,-33.31,0.0,3.28,0.0,-0.1599,0.1992,0.9668,0.0,-30.23,-20.92,-33.23,0.0,3.29,0.0,-0.0889,0.2042,0.9749,0.0,0.5862,0.3388,0.0,-99.15,135.29,724.43,0.0,4318202.0,319728.0,0.539706
301487784,26.45,-23.18,-33.47,0.0,3.46,0.0,-0.1531,0.2167,0.9642,0.0,-30.23,-20.81,-33.37,0.0,3.25,0.0,-0.0836,0.199,0.9764,0.0,0.5827,0.3322,0.0,-90.93,134.22,695.74,0.0,4338183.0,339709.0,0.559687
301507771,26.9,-23.0,-33.61,0.0,3.31,0.0,-0.0475,0.1746,0.9835,0.0,,,,,,,,,,,0.5123,0.3704,0.0,-9.01,108.87,709.1,0.0,4358170.0,359696.0,0.579674
301527778,27.31,-22.85,-33.92,0.0,3.33,0.0,0.0529,0.1419,0.9885,0.0,,,,,,,,,,,0.4485,0.4043,0.0,67.25,84.34,712.55,0.0,4378177.0,379703.0,0.599681
301547766,27.56,-22.85,-34.01,0.0,3.33,0.0,0.1012,0.159,0.9821,0.0,-29.4,-20.72,-33.49,0.0,3.39,0.0,0.087,0.204,0.9751,0.0,0.4463,0.357,0.0,69.78,114.61,701.69,0.0,4398165.0,399691.0,0.619669
301567747,27.66,-22.9,-33.95,0.0,3.34,0.0,0.1128,0.1694,0.9791,0.0,-29.11,-20.69,-33.46,0.0,3.34,0.0,0.147,0.1982,0.9691,0.0,0.4237,0.3485,0.0,115.95,143.28,840.81,0.0,4418146.0,419672.0,0.63965
301587734,27.68,-23.05,-33.79,0.0,3.32,0.0,0.1269,0.1926,0.973,0.0,-29.04,-20.72,-33.42,0.0,3.31,0.0,0.1751,0.2045,0.9631,0.0,0.4105,0.3273,0.0,158.82,187.78,988.32,0.0,4438133.0,439659.0,0.659637
301607715,27.7,-23.1,-33.74,0.0,3.31,0.0,0.1296,0.1985,0.9715,0.0,-28.98,-20.77,-33.44,0.0,3.32,0.0,0.1808,0.2195,0.9587,0.0,0.4071,0.318,0.0,136.72,162.93,819.99,0.0,4458114.0,459640.0,0.679618
301627699,27.68,-23.18,-33.64,0.0,3.31,0.0,0.1374,0.1942,0.9713,0.0,-28.99,-20.78,-33.41,0.0,3.32,0.0,0.1904,0.2165,0.9575,0.0,0.4012,0.3226,0.0,137.83,151.46,780.72,0.0,4478098.0,479624.0,0.699602
301647710,27.67,-23.24,-33.57,0.0,3.29,0.0,0.1432,0.1967,0.97,0.0,-28.96,-20.81,-33.42,0.0,3.32,0.0,0.1891,0.221,0.9568,0.0,0.3999,0.3175,0.0,146.58,162.95,819.59,0.0,4498109.0,499635.0,0.719613
301667697,27.67,-23.26,-33.54,0.0,3.27,0.0,0.14,0.1969,0.9704,0.0,-28.99,-20.82,-33.37,0.0,3.32,0.0,0.1936,0.219,0.9563,0.0,0.3992,0.3196,0.0,139.17,152.18,773.32,0.0,4518096.0,519622.0,0.7396
301687677,27.71,-23.18,-33.67,0.0,3.33,0.0,0.1351,0.205,0.9694,0.0,-29.0,-20.82,-33.34,0.0,3.34,0.0,0.1965,0.2167,0.9563,0.0,0.3999,0.316,0.0,140.06,156.76,782.81,0.0,4538076.0,539602.0,0.75958
301787627,27.73,-22.97,-33.91,0.0,3.37,0.0,0.1489,0.1861,0.9712,0.0,,,,,,,,,,,0.3897,0.3465,0.0,153.34,134.05,785.37,0.0,4056039.0,639552.0,0.85953
301807609,27.72,-22.98,-33.85,0.0,3.37,0.0,0.1416,0.1878,0.9719,0.0,-28.99,-20.8,-33.36,0.0,3.38,0.0,0.1925,0.2176,0.9569,0.0,0.3986,0.3276,0.0,127.03,132.97,702.85,0.0,4076021.0,659534.0,0.879512
301827592,27.71,-23.03,-33.85,0.0,3.37,0.0,0.1356,0.1986,0.9706,0.0,-29.02,-20.8,-33.33,0.0,3.39,0.0,0.1952,0.2211,0.9555,0.0,0.3997,0.3188,0.0,128.31,141.59,716.45,0.0,4096004.0,679517.0,0.899495
301847574,27.7,-23.04,-33.83,0.0,3.37,0.0,0.1336,0.2004,0.9706,0.0,-29.01,-20.8,-33.33,0.0,3.43,0.0,0.1901,0.2313,0.9541,0.0,0.4016,0.314,0.0,114.66,131.79,651.51,0.0,4115986.0,699499.0,0.919477
301867591,27.66,-23.14,-33.65,0.0,3.37,0.0,0.1322,0.2119,0.9683,0.0,-29.04,-20.82,-33.3,0.0,3.43,0.0,0.1921,0.2336,0.9532,0.0,0.4019,0.3037,0.0,126.12,152.11,717.16,0.0,4136003.0,719516.0,0.939494
301887571,27.64,-23.2,-33.56,0.0,3.35,0.0,0.1296,0.2171,0.9675,0.0,-29.01,-20.87,-33.2,0.0,3.39,0.0,0.1808,0.2317,0.9558,0.0,0.4074,0.2983,0.0,149.47,195.0,896.43,0.0,4155983.0,739496.0,0.959474
301907560,27.62,-23.22,-33.52,0.0,3.33,0.0,0.125,0.2185,0.9678,0.0,-29.01,-20.93,-33.08,0.0,3.32,0.0,0.1748,0.2273,0.958,0.0,0.4111,0.2992,0.0,157.7,213.32,983.54,0.0,4175972.0,759485.0,0.979463
301927535,27.61,-23.23,-33.49,0.0,3.33,0.0,0.1254,0.2211,0.9671,0.0,-29.03,-20.97,-33.0,0.0,3.3,0.0,0.1721,0.2244,0.9592,0.0,0.4122,0.2979,0.0,173.63,238.9,1095.07,0.0,4195947.0,779460.0,0.999438
301947524,27.6,-23.24,-33.46,0.0,3.31,0.0,0.1189,0.2241,0.9673,0.0,-29.05,-20.97,-32.97,0.0,3.3,0.0,0.1705,0.2239,0.9596,0.0,0.4146,0.2981,0.0,155.02,218.84,1003.33,0.0,4215936.0,799449.0,1.019427
301967504,27.55,-23.23,-33.44,0.0,3.29,0.0,0.1146,0.2315,0.9661,0.0,-29.05,-20.95,-33.0,0.0,3.29,0.0,0.1686,0.2259,0.9595,0.0,0.4165,0.2934,0.0,144.72,212.67,955.09,0.0,4235916.0,819429.0,1.039407
301987491,27.53,-23.23,-33.42,0.0,3.28,0.0,0.1092,0.2369,0.9654,0.0,-29.06,-20.92,-33.03,0.0,3.3,0.0,0.1668,0.2283,0.9592,0.0,0.4186,0.2901,0.0,131.47,200.6,887.96,0.0,4255903.0,839416.0,1.059394
302007503,27.51,-23.23,-33.41,0.0,3.26,0.0,0.105,0.2389,0.9653,0.0,-29.07,-20.89,-33.05,0.0,3.31,0.0,0.1641,0.2299,0.9593,0.0,0.4207,0.2886,0.0,124.82,196.53,864.18,0.0,4275915.0,859428.0,1.079406
302027486,27.49,-23.23,-33.4,0.0,3.24,0.0,0.1012,0.2412,0.9652,0.0,-29.07,-20.87,-33.07,0.0,3.31,0.0,0.1624,0.2319,0.9591,0.0,0.4224,0.2869,0.0,118.1,191.1,833.76,0.0,4295898.0,879411.0,1.099389
302047468,27.49,-23.23,-33.4,0.0,3.24,0.0,0.1012,0.24,0.9655,0.0,-29.08,-20.85,-33.09,0.0,3.32,0.0,0.1614,0.2343,0.9587,0.0,0.4228,0.2857,0.0,120.74,197.25,856.45,0.0,4315880.0,899393.0,1.119371
302067456,27.49,-23.23,-33.4,0.0,3.24,0.0,0.1015,0.2397,0.9655,0.0,-29.09,-20.84,-33.1,0.0,3.32,0.0,0.1604,0.2345,0.9588,0.0,0.4231,0.2854,0.0,123.19,202.29,877.02,0.0,4335868.0,919381.0,1.139359
302087435,27.49,-23.23,-33.4,0.0,3.24,0.0,0.1011,0.2396,0.9656,0.0,-29.1,-20.82,-33.13,0.0,3.34,0.0,0.1568,0.237,0.9588,0.0,0.4246,0.2831,0.0,128.63,217.0,931.9,0.0,4355847.0,939360.0,1.159338
302107454,27.48,-23.23,-33.4,0.0,3.23,0.0,0.1002,0.2396,0.9657,0.0,-29.11,-20.81,-33.14,0.0,3.34,0.0,0.157,0.2364,0.9589,0.0,0.4247,0.2838,0.0,125.46,211.48,910.79,0.0,4375866.0,959379.0,1.179357
302127429,27.48,-23.24,-33.4,0.0,3.23,0.0,0.0991,0.24,0.9657,0.0,-29.11,-20.8,-33.15,0.0,3.33,0.0,0.1559,0.2374,0.9588,0.0,0.4255,0.283,0.0,124.63,212.62,912.55,0.0,4395841.0,979354.0,1.199332
302147418,27.47,-23.23,-33.4,0.0,3.22,0.0,0.0984,0.2406,0.9656,0.0,-29.12,-20.78,-33.17,0.0,3.33,0.0,0.1547,0.2386,0.9587,0.0,0.4261,0.2819,0.0,124.84,215.74,921.45,0.0,4415830.0,999343.0,1.219321
302167399,27.47,-23.24,-33.39,0.0,3.21,0.0,0.0975,0.2409,0.9657,0.0,-29.12,-20.78,-33.18,0.0,3.32,0.0,0.1546,0.2389,0.9587,0.0,0.4264,0.2819,0.0,122.28,212.11,905.79,0.0,4435811.0,1019324.0,1.239302
302187385,27.47,-23.24,-33.39,0.0,3.2,0.0,0.0966,0.2402,0.9659,0.0,-29.12,-20.78,-33.18,0.0,3.31,0.0,0.1546,0.2389,0.9587,0.0,0.4267,0.2825,0.0,120.21,208.68,893.29,0.0,4455797.0,1039310.0,1.259288
302207398,27.46,-23.24,-33.4,0.0,3.19,0.0,0.0966,0.2399,0.966,0.0,-29.13,-20.78,-33.18,0.0,3.31,0.0,0.1552,0.2388,0.9586,0.0,0.4264,0.2829,0.0,118.95,205.55,881.54,0.0,4475810.0,1059323.0,1.279301
302227381,27.46,-23.23,-33.41,0.0,3.18,0.0,0.0963,0.2399,0.966,0.0,-29.13,-20.79,-33.18,0.0,3.3,0.0,0.1558,0.2385,0.9586,0.0,0.4263,0.2833,0.0,117.48,202.28,869.08,0.0,4495793.0,1079306.0,1.299284
302247362,27.46,-23.23,-33.42,0.0,3.17,0.0,0.0964,0.2401,0.966,0.0,-29.13,-20.79,-33.18,0.0,3.28,0.0,0.1557,0.2376,0.9588,0.0,0.4263,0.2837,0.0,117.96,202.9,872.91,0.0,4515774.0,1099287.0,1.319265
302267349,27.46,-23.23,-33.42,0.0,3.16,0.0,0.096,0.2399,0.966,0.0,-29.13,-20.79,-33.18,0.0,3.27,0.0,0.1559,0.2383,0.9586,0.0,0.4264,0.2835,0.0,116.58,200.77,863.28,0.0,4535761.0,1119274.0,1.339252
302287329,27.47,-23.23,-33.43,0.0,3.16,0.0,0.096,0.2399,0.966,0.0,-29.13,-20.79,-33.18,0.0,3.26,0.0,0.1559,0.2387,0.9585,0.0,0.4263,0.2833,0.0,116.35,200.48,861.28,0.0,4555741.0,1139254.0,1.359232
302307318,27.47,-23.23,-33.43,0.0,3.15,0.0,0.0962,0.2401,0.966,0.0,-29.13,-20.79,-33.18,0.0,3.25,0.0,0.155,0.2405,0.9582,0.0,0.4266,0.2818,0.0,118.12,205.4,877.01,0.0,4575730.0,1159243.0,1.379221
302327325,27.47,-23.23,-33.43,0.0,3.14,0.0,0.096,0.2399,0.966,0.0,-29.12,-20.79,-33.18,0.0,3.25,0.0,0.1548,0.2404,0.9583,0.0,0.4267,0.282,0.0,118.01,205.42,877.86,0.0,4595737.0,1179250.0,1.399228
302347312,27.47,-23.23,-33.44,0.0,3.13,0.0,0.0964,0.2398,0.966,0.0,-29.12,-20.79,-33.18,0.0,3.25,0.0,0.1561,0.2406,0.958,0.0,0.4261,0.2822,0.0,116.98,201.94,863.56,0.0,4615724.0,1199237.0,1.419215
302367293,27.48,-23.22,-33.44,0.0,3.13,0.0,0.0969,0.2393,0.9661,0.0,-29.12,-20.79,-33.18,0.0,3.24,0.0,0.1563,0.2404,0.958,0.0,0.4259,0.2826,0.0,117.56,202.07,865.48,0.0,4635705.0,1219218.0,1.439196
302387280,27.48,-23.27,-33.44,0.0,3.11,0.0,0.1061,0.219,0.9699,0.0,-29.12,-20.8,-33.18,0.0,3.25,0.0,0.1574,0.2379,0.9584,0.0,0.4225,0.2961,0.0,120.06,187.4,850.47,0.0,4655692.0,1239205.0,1.459183
302407261,27.48,-23.31,-33.44,0.0,3.11,0.0,0.105,0.2082,0.9724,0.0,-29.12,-20.89,-33.1,0.0,3.21,0.0,0.1622,0.2186,0.9623,0.0,0.4214,0.3138,0.0,122.72,175.07,860.43,0.0,4675673.0,1259186.0,1.479164
302427275,27.48,-23.33,-33.45,0.0,3.12,0.0,0.1041,0.2009,0.9741,0.0,-29.12,-20.93,-33.05,0.0,3.2,0.0,0.163,0.2132,0.9633,0.0,0.4213,0.3221,0.0,117.45,161.08,823.83,0.0,4113610.0,1279200.0,1.499178
302447255,27.48,-23.34,-33.45,0.0,3.11,0.0,0.1015,0.1971,0.9751,0.0,-29.12,-20.94,-33.07,0.0,3.21,0.0,0.163,0.2104,0.9639,0.0,0.422,0.3269,0.0,111.08,150.13,786.28,0.0,4133590.0,1299180.0,1.519158
302467243,27.48,-23.34,-33.45,0.0,3.12,0.0,0.1006,0.1947,0.9757,0.0,-29.12,-20.95,-33.07,0.0,3.21,0.0,0.1621,0.205,0.9652,0.0,0.4227,0.3311,0.0,112.98,150.88,806.82,0.0,4153578.0,1319168.0,1.539146
302487224,27.48,-23.35,-33.45,0.0,3.14,0.0,0.1004,0.1929,0.9761,0.0,-29.12,-20.97,-33.08,0.0,3.2,0.0,0.1604,0.1996,0.9667,0.0,0.4234,0.3344,0.0,117.45,155.7,847.03,0.0,4173559.0,1339149.0,1.559127
302507212,27.48,-23.36,-33.43,0.0,3.15,0.0,0.1002,0.1893,0.9768,0.0,-29.12,-20.99,-33.08,0.0,3.19,0.0,0.1582,0.1939,0.9682,0.0,0.4243,0.3391,0.0,121.53,159.13,887.03,0.0,4193547.0,1359137.0,1.579115
302527187,27.48,-23.38,-33.41,0.0,3.16,0.0,0.1005,0.1862,0.9774,0.0,-29.13,-21.0,-33.09,0.0,3.2,0.0,0.1566,0.1905,0.9691,0.0,0.4248,0.3423,0.0,125.14,162.23,919.56,0.0,4213522.0,1379112.0,1.59909
302547206,27.48,-23.4,-33.4,0.0,3.17,0.0,0.1007,0.1825,0.978,0.0,-29.13,-21.01,-33.1,0.0,3.2,0.0,0.1554,0.1875,0.9699,0.0,0.4252,0.3458,0.0,127.48,163.06,941.99,0.0,4233541.0,1399131.0,1.619109
302567187,27.48,-23.42,-33.38,0.0,3.18,0.0,0.101,0.1801,0.9785,0.0,-29.14,-21.01,-33.11,0.0,3.21,0.0,0.1549,0.1833,0.9708,0.0,0.4253,0.3492,0.0,130.17,163.71,963.92,0.0,4253522.0,1419112.0,1.63909
302587175,27.48,-23.45,-33.36,0.0,3.17,0.0,0.1013,0.1733,0.9797,0.0,-29.14,-21.03,-33.12,0.0,3.22,0.0,0.154,0.1773,0.972,0.0,0.4256,0.3562,0.0,132.35,160.56,984.25,0.0,4273510.0,1439100.0,1.659078
302607155,27.44,-23.49,-33.34,0.0,3.2,0.0,0.0994,0.1616,0.9818,0.0,-29.19,-21.13,-32.99,0.0,3.18,0.0,0.15,0.1686,0.9742,0.0,0.4275,0.3677,0.0,132.55,154.21,1012.44,0.0,4293490.0,1459080.0,1.679058
302627138,27.07,-23.46,-33.45,0.0,3.29,0.0,-0.0128,0.1648,0.9862,0.0,-29.5,-21.24,-32.98,0.0,3.1,0.0,0.0718,0.1677,0.9832,0.0,0.4872,0.3814,0.0,18.46,88.52,623.43,0.0,4313473.0,1479063.0,1.699041
302647120,26.55,-23.48,-33.51,0.0,3.4,0.0,-0.12,0.1703,0.9781,0.0,-29.95,-21.27,-33.09,0.0,3.1,0.0,-0.0534,0.1539,0.9866,0.0,0.5606,0.3842,0.0,-70.65,106.32,746.55,0.0,4333455.0,1499045.0,1.719023
302667138,26.27,-23.54,-33.45,0.0,3.32,0.0,-0.1748,0.1603,0.9715,0.0,-30.23,-21.25,-33.17,0.0,3.14,0.0,-0.096,0.1512,0.9838,0.0,0.5926,0.3956,0.0,-96.11,85.69,645.14,0.0,4353473.0,1519063.0,1.739041
302687118,26.17,-23.56,-33.41,0.0,3.3,0.0,-0.1935,0.1566,0.9685,0.0,-30.35,-21.24,-33.2,0.0,3.16,0.0,-0.1107,0.1503,0.9824,0.0,0.604,0.3998,0.0,-103.02,79.25,612.74,0.0,4373453.0,1539043.0,1.759021
302707105,26.12,-23.55,-33.43,0.0,3.28,0.0,-0.1995,0.1535,0.9678,0.0,-30.4,-21.23,-33.21,0.0,3.18,0.0,-0.1164,0.1528,0.9814,0.0,0.6079,0.4002,0.0,-106.88,78.98,611.74,0.0,4393440.0,1559030.0,1.779008
302727082,26.1,-23.53,-33.44,0.0,3.28,0.0,-0.2007,0.1522,0.9677,0.0,-30.42,-21.23,-33.21,0.0,3.18,0.0,-0.1182,0.1525,0.9812,0.0,0.6088,0.4008,0.0,-108.59,79.13,615.82,0.0,4413417.0,1579007.0,1.798985
302747101,26.1,-23.53,-33.43,0.0,3.28,0.0,-0.2006,0.1551,0.9673,0.0,-30.43,-21.22,-33.2,0.0,3.17,0.0,-0.1179,0.1526,0.9812,0.0,0.6087,0.3992,0.0,-108.18,79.91,614.19,0.0,4433436.0,1599026.0,1.819004
302767081,26.12,-23.51,-33.42,0.0,3.27,0.0,-0.1993,0.1633,0.9662,0.0,-30.43,-21.2,-33.2,0.0,3.18,0.0,-0.1159,0.155,0.9811,0.0,0.608,0.3936,0.0,-105.32,81.6,602.69,0.0,4453416.0,1619006.0,1.838984
302787068,26.13,-23.49,-33.41,0.0,3.27,0.0,-0.1984,0.1735,0.9646,0.0,-30.43,-21.19,-33.18,0.0,3.18,0.0,-0.1138,0.1587,0.9807,0.0,0.6075,0.3865,0.0,-100.71,82.38,579.59,0.0,4473403.0,1638993.0,1.858971
302807049,26.15,-23.45,-33.4,0.0,3.28,0.0,-0.1943,0.191,0.9622,0.0,-30.43,-21.15,-33.18,0.0,3.18,0.0,-0.1098,0.1646,0.9802,0.0,0.6057,0.3746,0.0,-92.43,83.14,542.15,0.0,4493384.0,1658974.0,1.878952
302827033,26.25,-23.6,-33.19,0.0,3.29,0.0,-0.2053,0.2216,0.9533,0.0,-30.42,-21.11,-33.19,0.0,3.21,0.0,-0.1116,0.1769,0.9779,0.0,0.613,0.3572,0.0,-77.73,72.6,426.42,0.0,4513368.0,1678958.0,1.898936
302847014,26.38,-23.8,-32.95,0.0,3.3,0.0,-0.2203,0.2608,0.9399,0.0,-30.41,-21.07,-33.21,0.0,3.22,0.0,-0.1114,0.186,0.9762,0.0,0.6239,0.3435,0.0,-58.83,53.92,293.5,0.0,4533349.0,1698939.0,1.918917
302867001,26.27,-23.51,-33.23,0.0,3.3,0.0,-0.2035,0.2417,0.9488,0.0,-30.41,-21.02,-33.23,0.0,3.22,0.0,-0.1123,0.1939,0.9746,0.0,0.6135,0.3349,0.0,-76.37,80.02,417.86,0.0,4553336.0,1718926.0,1.938904
302887012,26.24,-23.37,-33.36,0.0,3.31,0.0,-0.1992,0.2394,0.9503,0.0,-30.4,-20.96,-33.27,0.0,3.22,0.0,-0.1134,0.2013,0.9729,0.0,0.6113,0.3271,0.0,-85.23,94.83,476.82,0.0,4573347.0,1738937.0,1.958915
302907001,26.23,-23.3,-33.42,0.0,3.3,0.0,-0.1958,0.2368,0.9516,0.0,-30.4,-20.93,-33.28,0.0,3.22,0.0,-0.1128,0.205,0.9722,0.0,0.6092,0.3238,0.0,-90.75,104.58,517.99,0.0,4593336.0,1758926.0,1.978904
302926976,26.27,-23.37,-33.34,0.0,3.31,0.0,-0.2005,0.2475,0.9479,0.0,-30.39,-20.91,-33.29,0.0,3.22,0.0,-0.1118,0.2084,0.9716,0.0,0.6118,0.3188,0.0,-82.55,95.13,460.04,0.0,4613311.0,1778901.0,1.998879
302946964,26.24,-23.3,-33.42,0.0,3.3,0.0,-0.1957,0.239,0.9511,0.0,-30.39,-20.9,-33.29,0.0,3.22,0.0,-0.111,0.212,0.9709,0.0,0.6085,0.3176,0.0,-92.03,109.94,529.03,0.0,4633299.0,1798889.0,2.018867
302966945,26.23,-23.26,-33.45,0.0,3.29,0.0,-0.1936,0.2342,0.9527,0.0,-30.39,-20.89,-33.3,0.0,3.22,0.0,-0.1102,0.2119,0.9711,0.0,0.6071,0.3192,0.0,-95.36,114.67,556.09,0.0,4653280.0,1818870.0,2.038848
302986963,26.32,-23.5,-33.2,0.0,3.3,0.0,-0.2084,0.2548,0.9443,0.0,-30.41,-20.9,-33.3,0.0,3.21,0.0,-0.1104,0.2027,0.973,0.0,0.616,0.3243,0.0,-71.37,77.12,382.33,0.0,4673298.0,1838888.0,2.058866
303006944,26.25,-23.38,-33.35,0.0,3.31,0.0,-0.1983,0.2389,0.9506,0.0,-30.41,-20.89,-33.3,0.0,3.21,0.0,-0.1105,0.2061,0.9723,0.0,0.6098,0.3235,0.0,-86.57,99.38,491.44,0.0,4693279.0,1858869.0,2.078847
303026927,26.22,-23.34,-33.4,0.0,3.31,0.0,-0.1943,0.2315,0.9532,0.0,-30.41,-20.88,-33.3,0.0,3.2,0.0,-0.1088,0.2047,0.9728,0.0,0.6071,0.3267,0.0,-90.66,105.12,528.09,0.0,4713262.0,1878852.0,2.09883
303046908,26.21,-23.34,-33.41,0.0,3.3,0.0,-0.1926,0.2187,0.9566,0.0,-30.42,-20.89,-33.3,0.0,3.2,0.0,-0.1095,0.1971,0.9743,0.0,0.6058,0.3373,0.0,-95.83,106.6,564.24,0.0,4733243.0,1898833.0,2.118811
303066896,26.21,-23.35,-33.4,0.0,3.32,0.0,-0.1911,0.2111,0.9586,0.0,-30.42,-20.9,-33.29,0.0,3.22,0.0,-0.1105,0.1945,0.9747,0.0,0.605,0.3417,0.0,-101.03,110.72,599.6,0.0,4171177.0,1918821.0,2.138799
303086875,26.21,-23.37,-33.39,0.0,3.33,0.0,-0.1894,0.2046,0.9604,0.0,-30.43,-20.91,-33.28,0.0,3.24,0.0,-0.1111,0.1936,0.9748,0.0,0.604,0.3448,0.0,-106.01,115.36,634.78,0.0,4191156.0,1938800.0,2.158778
303106864,26.23,-23.38,-33.37,0.0,3.37,0.0,-0.1864,0.2014,0.9616,0.0,-30.43,-20.92,-33.27,0.0,3.26,0.0,-0.1103,0.192,0.9752,0.0,0.6025,0.3468,0.0,-108.27,118.41,658.6,0.0,4211145.0,1958789.0,2.178767
303126870,26.24,-23.4,-33.36,0.0,3.38,0.0,-0.1848,0.1966,0.9629,0.0,-30.42,-20.93,-33.26,0.0,3.27,0.0,-0.1095,0.1903,0.9756,0.0,0.6014,0.3501,0.0,-109.61,118.93,673.64,0.0,4231151.0,1978795.0,2.198773
303146859,26.25,-23.4,-33.35,0.0,3.39,0.0,-0.1836,0.1947,0.9635,0.0,-30.42,-20.94,-33.24,0.0,3.28,0.0,-0.1081,0.1881,0.9762,0.0,0.6005,0.3526,0.0,-108.26,116.94,671.44,0.0,4251140.0,1998784.0,2.218762
303166839,26.25,-23.41,-33.35,0.0,3.39,0.0,-0.1824,0.1928,0.9641,0.0,-30.42,-20.95,-33.23,0.0,3.3,0.0,-0.1075,0.1859,0.9767,0.0,0.5998,0.3548,0.0,-108.47,116.57,677.85,0.0,4271120.0,2018764.0,2.238742
303186827,26.26,-23.41,-33.34,0.0,3.4,0.0,-0.1804,0.1907,0.9649,0.0,-30.41,-20.97,-33.22,0.0,3.32,0.0,-0.1054,0.1832,0.9774,0.0,0.5983,0.3577,0.0,-106.69,114.49,676.65,0.0,4291108.0,2038752.0,2.25873
303206806,26.27,-23.42,-33.34,0.0,3.4,0.0,-0.1785,0.1889,0.9656,0.0,-30.41,-20.98,-33.2,0.0,3.35,0.0,-0.1031,0.1814,0.978,0.0,0.5969,0.3599,0.0,-104.73,112.62,674.29,0.0,4311087.0,2058731.0,2.278709
303226821,26.28,-23.42,-33.34,0.0,3.41,0.0,-0.1766,0.1873,0.9663,0.0,-30.4,-20.99,-33.19,0.0,3.36,0.0,-0.1002,0.1796,0.9786,0.0,0.5953,0.3623,0.0,-101.69,109.65,665.69,0.0,4331102.0,2078746.0,2.298724
303246803,26.3,-23.43,-33.33,0.0,3.42,0.0,-0.1723,0.1843,0.9677,0.0,-30.39,-21.0,-33.17,0.0,3.39,0.0,-0.0969,0.1778,0.9793,0.0,0.5927,0.3646,0.0,-100.73,110.3,679.2,0.0,4351084.0,2098728.0,2.318706
303266790,26.32,-23.44,-33.33,0.0,3.44,0.0,-0.1683,0.1826,0.9687,0.0,-30.38,-21.01,-33.15,0.0,3.4,0.0,-0.0933,0.1747,0.9802,0.0,0.5901,0.3673,0.0,-98.18,108.91,681.81,0.0,4371071.0,2118715.0,2.338693
303286770,26.33,-23.44,-33.32,0.0,3.45,0.0,-0.1645,0.1816,0.9695,0.0,-30.37,-21.02,-33.14,0.0,3.42,0.0,-0.0899,0.1712,0.9811,0.0,0.5876,0.3699,0.0,-95.29,106.98,680.98,0.0,4391051.0,2138695.0,2.358673
303306758,26.35,-23.44,-33.32,0.0,3.46,0.0,-0.1614,0.1813,0.9701,0.0,-30.36,-21.02,-33.13,0.0,3.43,0.0,-0.0869,0.1685,0.9819,0.0,0.5856,0.3718,0.0,-92.47,105.06,676.87,0.0,4411039.0,2158683.0,2.378661
303326764,26.35,-23.44,-33.32,0.0,3.46,0.0,-0.1593,0.1814,0.9704,0.0,-30.35,-21.02,-33.12,0.0,3.44,0.0,-0.0841,0.1667,0.9824,0.0,0.5841,0.3734,0.0,-89.07,102.07,664.08,0.0,4431045.0,2178689.0,2.398667
303346753,26.36,-23.44,-33.31,0.0,3.47,0.0,-0.1566,0.181,0.9709,0.0,-30.35,-21.02,-33.11,0.0,3.45,0.0,-0.0823,0.1658,0.9827,0.0,0.5826,0.3738,0.0,-88.28,102.82,671.17,0.0,4451034.0,2198678.0,2.418656
303366733,26.37,-23.45,-33.31,0.0,3.48,0.0,-0.1544,0.1807,0.9713,0.0,-30.34,-21.02,-33.1,0.0,3.45,0.0,-0.08,0.1648,0.9831,0.0,0.5811,0.3747,0.0,-86.24,101.75,667.98,0.0,4471014.0,2218658.0,2.438636
303386721,26.38,-23.45,-33.31,0.0,3.48,0.0,-0.1516,0.1809,0.9717,0.0,-30.33,-21.02,-33.1,0.0,3.46,0.0,-0.0787,0.1642,0.9833,0.0,0.5797,0.3745,0.0,-85.89,103.34,678.0,0.0,4491002.0,2238646.0,2.458624
303406702,26.39,-23.45,-33.31,0.0,3.49,0.0,-0.1491,0.1816,0.972,0.0,-30.32,-21.01,-33.1,0.0,3.46,0.0,-0.0776,0.1633,0.9835,0.0,0.5784,0.3744,0.0,-85.29,104.4,684.6,0.0,4510983.0,2258627.0,2.478605
303426685,26.4,-23.45,-33.31,0.0,3.5,0.0,-0.147,0.1825,0.9722,0.0,-30.32,-21.01,-33.09,0.0,3.47,0.0,-0.0776,0.1625,0.9837,0.0,0.5777,0.3739,0.0,-85.77,106.32,695.37,0.0,4530966.0,2278610.0,2.498588
303446697,26.4,-23.45,-33.31,0.0,3.5,0.0,-0.1455,0.1832,0.9722,0.0,-30.31,-21.0,-33.09,0.0,3.48,0.0,-0.0779,0.1622,0.9837,0.0,0.5772,0.3733,0.0,-86.4,108.25,705.32,0.0,4550978.0,2298622.0,2.5186
303466683,26.41,-23.45,-33.31,0.0,3.5,0.0,-0.1443,0.1839,0.9723,0.0,-30.31,-21.0,-33.09,0.0,3.48,0.0,-0.0779,0.1624,0.9836,0.0,0.5768,0.3726,0.0,-86.89,110.0,713.49,0.0,4570964.0,2318608.0,2.538586
303486663,26.41,-23.45,-33.31,0.0,3.51,0.0,-0.1438,0.1845,0.9723,0.0,-30.31,-20.99,-33.09,0.0,3.49,0.0,-0.0783,0.1624,0.9836,0.0,0.5768,0.3721,0.0,-87.28,110.92,717.22,0.0,4590944.0,2338588.0,2.558566
303506653,26.41,-23.45,-33.31,0.0,3.52,0.0,-0.1438,0.1848,0.9722,0.0,-30.31,-20.99,-33.08,0.0,3.49,0.0,-0.0785,0.1629,0.9835,0.0,0.5768,0.3715,0.0,-87.7,111.76,720.0,0.0,4610934.0,2358578.0,2.578556
303526629,26.41,-23.45,-33.31,0.0,3.52,0.0,-0.1444,0.1847,0.9721,0.0,-30.32,-20.99,-33.08,0.0,3.49,0.0,-0.0787,0.1641,0.9833,0.0,0.5771,0.3707,0.0,-88.63,113.12,725.3,0.0,4630910.0,2378554.0,2.598532
303546647,26.4,-23.45,-33.31,0.0,3.52,0.0,-0.1453,0.1849,0.972,0.0,-30.32,-20.98,-33.08,0.0,3.49,0.0,-0.0787,0.165,0.9832,0.0,0.5774,0.3702,0.0,-88.47,112.79,720.94,0.0,4650928.0,2398572.0,2.61855
303566627,26.4,-23.45,-33.31,0.0,3.52,0.0,-0.1464,0.1855,0.9717,0.0,-30.32,-20.98,-33.08,0.0,3.48,0.0,-0.0788,0.1658,0.983,0.0,0.5779,0.3696,0.0,-88.03,111.93,712.81,0.0,4670908.0,2418552.0,2.63853
303586614,26.4,-23.45,-33.31,0.0,3.52,0.0,-0.1481,0.1861,0.9713,0.0,-30.32,-20.98,-33.08,0.0,3.47,0.0,-0.0793,0.1674,0.9827,0.0,0.5787,0.3686,0.0,-88.12,111.56,706.09,0.0,4690895.0,2438539.0,2.658517
303606596,26.39,-23.45,-33.31,0.0,3.52,0.0,-0.1498,0.1863,0.971,0.0,-30.32,-20.98,-33.08,0.0,3.47,0.0,-0.0797,0.1687,0.9824,0.0,0.5794,0.368,0.0,-88.2,111.01,699.6,0.0,4710877.0,2458521.0,2.678499
303626579,26.39,-23.45,-33.31,0.0,3.52,0.0,-0.1514,0.1864,0.9707,0.0,-30.33,-20.98,-33.08,0.0,3.46,0.0,-0.0793,0.1702,0.9822,0.0,0.5799,0.3675,0.0,-87.21,109.31,686.99,0.0,4730860.0,2478504.0,2.698482
303646560,26.39,-23.44,-33.31,0.0,3.52,0.0,-0.1526,0.1868,0.9705,0.0,-30.33,-20.96,-33.09,0.0,3.45,0.0,-0.0783,0.1713,0.9821,0.0,0.5801,0.3672,0.0,-85.3,106.84,670.24,0.0,4750841.0,2498485.0,2.718463
303666578,26.39,-23.44,-33.31,0.0,3.52,0.0,-0.1543,0.1873,0.9701,0.0,-30.34,-20.94,-33.1,0.0,3.44,0.0,-0.0766,0.1715,0.9822,0.0,0.5804,0.368,0.0,-81.84,101.73,641.02,0.0,4770859.0,2518503.0,2.738481
303686558,26.38,-23.44,-33.31,0.0,3.52,0.0,-0.1561,0.1889,0.9695,0.0,-30.34,-20.94,-33.11,0.0,3.44,0.0,-0.0763,0.1729,0.982,0.0,0.5811,0.3669,0.0,-80.39,99.71,624.05,0.0,4790839.0,2538483.0,2.758461
303706545,26.37,-23.41,-33.33,0.0,3.56,0.0,-0.163,0.2013,0.9659,0.0,-30.35,-20.93,-33.11,0.0,3.44,0.0,-0.0764,0.1736,0.9818,0.0,0.5845,0.3635,0.0,-72.01,87.28,535.08,0.0,4810826.0,2558470.0,2.778448
303726522,26.37,-23.4,-33.33,0.0,3.55,0.0,-0.1636,0.2001,0.966,0.0,-30.35,-20.92,-33.12,0.0,3.44,0.0,-0.0773,0.1751,0.9815,0.0,0.5849,0.3627,0.0,-73.97,89.71,547.29,0.0,4248691.0,2578447.0,2.798425
303746511,26.36,-23.4,-33.33,0.0,3.55,0.0,-0.1648,0.2004,0.9658,0.0,-30.36,-20.91,-33.13,0.0,3.43,0.0,-0.0782,0.1771,0.9811,0.0,0.5856,0.3611,0.0,-75.08,91.12,550.78,0.0,4268680.0,2598436.0,2.818414
303766522,26.36,-23.39,-33.34,0.0,3.56,0.0,-0.167,0.2031,0.9648,0.0,-30.36,-20.9,-33.13,0.0,3.44,0.0,-0.0795,0.1788,0.9807,0.0,0.5869,0.3589,0.0,-75.04,90.79,541.84,0.0,4288691.0,2618447.0,2.838425
303786508,26.35,-23.38,-33.35,0.0,3.57,0.0,-0.1696,0.2063,0.9637,0.0,-30.37,-20.9,-33.13,0.0,3.44,0.0,-0.0812,0.1809,0.9801,0.0,0.5886,0.3563,0.0,-75.03,90.39,531.39,0.0,4308677.0,2638433.0,2.858411
303806490,26.34,-23.38,-33.35,0.0,3.58,0.0,-0.1725,0.2098,0.9624,0.0,-30.37,-20.89,-33.14,0.0,3.45,0.0,-0.0832,0.1827,0.9796,0.0,0.5904,0.3539,0.0,-75.03,89.72,519.97,0.0,4328659.0,2658415.0,2.878393
303826472,26.33,-23.37,-33.36,0.0,3.59,0.0,-0.1751,0.2131,0.9612,0.0,-30.38,-20.88,-33.14,0.0,3.45,0.0,-0.0859,0.1845,0.9791,0.0,0.5924,0.3512,0.0,-75.74,89.94,513.37,0.0,4348641.0,2678397.0,2.898375
303846454,26.32,-23.36,-33.37,0.0,3.6,0.0,-0.1783,0.2163,0.9599,0.0,-30.39,-20.88,-33.15,0.0,3.46,0.0,-0.0886,0.1866,0.9784,0.0,0.5946,0.3484,0.0,-76.43,89.96,505.64,0.0,4368623.0,2698379.0,2.918357
303866441,26.31,-23.36,-33.38,0.0,3.61,0.0,-0.1812,0.2191,0.9587,0.0,-30.39,-20.87,-33.15,0.0,3.47,0.0,-0.0919,0.1882,0.9778,0.0,0.5968,0.346,0.0,-77.68,90.45,501.63,0.0,4388610.0,2718366.0,2.938344
303886421,26.3,-23.35,-33.38,0.0,3.62,0.0,-0.183,0.2211,0.9579,0.0,-30.4,-20.87,-33.16,0.0,3.47,0.0,-0.0943,0.1897,0.9773,0.0,0.5983,0.3438,0.0,-78.92,91.51,501.68,0.0,4408590.0,2738346.0,2.958324
303906440,26.29,-23.35,-33.38,0.0,3.63,0.0,-0.1841,0.2214,0.9577,0.0,-30.41,-20.87,-33.16,0.0,3.47,0.0,-0.0959,0.1926,0.9766,0.0,0.5991,0.3412,0.0,-81.43,95.01,513.64,0.0,4428609.0,2758365.0,2.978343
303926422,26.28,-23.35,-33.38,0.0,3.64,0.0,-0.1851,0.2226,0.9572,0.0,-30.41,-20.87,-33.16,0.0,3.48,0.0,-0.0975,0.1933,0.9763,0.0,0.6,0.34,0.0,-82.19,95.57,513.54,0.0,4448591.0,2778347.0,2.998325
303946405,26.27,-23.35,-33.38,0.0,3.65,0.0,-0.1859,0.2236,0.9568,0.0,-30.42,-20.87,-33.16,0.0,3.49,0.0,-0.0999,0.1931,0.9761,0.0,0.601,0.3393,0.0,-83.55,96.5,516.51,0.0,4468574.0,2798330.0,3.018308
303966384,26.26,-23.35,-33.37,0.0,3.65,0.0,-0.1865,0.2231,0.9568,0.0,-30.43,-20.87,-33.17,0.0,3.5,0.0,-0.1015,0.1933,0.9759,0.0,0.6016,0.3391,0.0,-85.29,97.95,523.76,0.0,4488553.0,2818309.0,3.038287
303986372,26.25,-23.36,-33.37,0.0,3.66,0.0,-0.187,0.2224,0.9569,0.0,-30.44,-20.86,-33.18,0.0,3.5,0.0,-0.1031,0.1923,0.9759,0.0,0.6023,0.3398,0.0,-86.6,98.48,528.46,0.0,4508541.0,2838297.0,3.058275
304006353,26.25,-23.36,-33.37,0.0,3.67,0.0,-0.1871,0.2223,0.9569,0.0,-30.44,-20.86,-33.19,0.0,3.52,0.0,-0.1044,0.1917,0.9759,0.0,0.6027,0.34,0.0,-87.59,99.14,532.3,0.0,4528522.0,2858278.0,3.078256
304026372,26.24,-23.33,-33.4,0.0,3.69,0.0,-0.1888,0.2213,0.9567,0.0,-30.45,-20.86,-33.19,0.0,3.53,0.0,-0.1056,0.1916,0.9758,0.0,0.6036,0.3406,0.0,-88.54,98.96,532.81,0.0,4548541.0,2878297.0,3.098275
304046348,26.24,-23.32,-33.41,0.0,3.71,0.0,-0.1892,0.2231,0.9563,0.0,-30.45,-20.86,-33.19,0.0,3.55,0.0,-0.107,0.1911,0.9757,0.0,0.6043,0.3401,0.0,-88.26,98.19,527.31,0.0,4568517.0,2898273.0,3.118251
304066337,26.24,-23.34,-33.39,0.0,3.7,0.0,-0.1875,0.2228,0.9566,0.0,-30.45,-20.86,-33.2,0.0,3.57,0.0,-0.1079,0.1914,0.9755,0.0,0.6038,0.3392,0.0,-90.55,101.71,543.78,0.0,4588506.0,2918262.0,3.13824
304086316,26.25,-23.32,-33.4,0.0,3.72,0.0,-0.1896,0.2245,0.9558,0.0,-30.46,-20.85,-33.2,0.0,3.58,0.0,-0.108,0.1928,0.9753,0.0,0.6048,0.338,0.0,-89.27,99.94,530.99,0.0,4608485.0,2938241.0,3.158219
304106305,26.26,-23.32,-33.39,0.0,3.72,0.0,-0.191,0.2243,0.9556,0.0,-30.47,-20.84,-33.23,0.0,3.62,0.0,-0.1065,0.1946,0.9751,0.0,0.6049,0.3374,0.0,-88.42,99.21,525.44,0.0,4628474.0,2958230.0,3.178208
304126315,26.26,-23.32,-33.39,0.0,3.73,0.0,-0.1905,0.2257,0.9554,0.0,-30.47,-20.83,-33.24,0.0,3.64,0.0,-0.1057,0.1946,0.9752,0.0,0.6046,0.337,0.0,-86.83,97.93,517.57,0.0,4648484.0,2978240.0,3.198218
304146299,26.25,-23.32,-33.39,0.0,3.73,0.0,-0.1897,0.2264,0.9554,0.0,-30.48,-20.83,-33.24,0.0,3.65,0.0,-0.1051,0.1946,0.9752,0.0,0.6041,0.3366,0.0,-86.28,97.94,516.69,0.0,4668468.0,2998224.0,3.218202
304166280,26.25,-23.32,-33.39,0.0,3.74,0.0,-0.1893,0.2278,0.9551,0.0,-30.48,-20.83,-33.24,0.0,3.66,0.0,-0.1053,0.1958,0.975,0.0,0.6041,0.3349,0.0,-86.51,99.07,518.33,0.0,4688449.0,3018205.0,3.238183
304186266,26.25,-23.32,-33.4,0.0,3.74,0.0,-0.1897,0.2278,0.9551,0.0,-30.48,-20.83,-33.24,0.0,3.67,0.0,-0.1066,0.1981,0.9744,0.0,0.6045,0.3327,0.0,-89.2,102.87,532.38,0.0,4708435.0,3038191.0,3.258169
304206248,26.25,-23.31,-33.4,0.0,3.74,0.0,-0.1897,0.2281,0.955,0.0,-30.48,-20.82,-33.24,0.0,3.67,0.0,-0.1066,0.1987,0.9742,0.0,0.6045,0.3321,0.0,-89.36,103.43,533.6,0.0,4728417.0,3058173.0,3.278151
304226235,26.25,-23.31,-33.4,0.0,3.74,0.0,-0.1895,0.2287,0.9549,0.0,-30.48,-20.82,-33.24,0.0,3.67,0.0,-0.1058,0.1992,0.9742,0.0,0.6042,0.3316,0.0,-88.59,103.06,530.37,0.0,4748404.0,3078160.0,3.298138
304246241,26.25,-23.31,-33.4,0.0,3.74,0.0,-0.1889,0.2296,0.9548,0.0,-30.48,-20.82,-33.25,0.0,3.67,0.0,-0.1051,0.2002,0.9741,0.0,0.6039,0.3305,0.0,-88.07,103.38,529.32,0.0,4768410.0,3098166.0,3.318144
304266230,26.25,-23.31,-33.4,0.0,3.75,0.0,-0.1888,0.2307,0.9545,0.0,-30.48,-20.81,-33.25,0.0,3.66,0.0,-0.1021,0.2023,0.974,0.0,0.603,0.3292,0.0,-85.68,102.1,519.39,0.0,4788399.0,3118155.0,3.338133
304286210,26.25,-23.31,-33.4,0.0,3.75,0.0,-0.1882,0.2317,0.9544,0.0,-30.48,-20.81,-33.25,0.0,3.66,0.0,-0.1015,0.2022,0.9741,0.0,0.6027,0.3289,0.0,-84.66,101.35,514.87,0.0,4808379.0,3138135.0,3.358113
304306199,26.25,-23.32,-33.4,0.0,3.75,0.0,-0.1873,0.2336,0.9541,0.0,-30.48,-20.81,-33.25,0.0,3.66,0.0,-0.1008,0.2023,0.9741,0.0,0.6023,0.328,0.0,-83.27,100.52,508.57,0.0,4828368.0,3158124.0,3.378102
304326179,26.25,-23.32,-33.41,0.0,3.74,0.0,-0.187,0.2339,0.9541,0.0,-30.48,-20.81,-33.25,0.0,3.65,0.0,-0.1005,0.2029,0.974,0.0,0.6021,0.3273,0.0,-83.36,101.17,510.22,0.0,4848348.0,3178104.0,3.398082
304346193,26.25,-23.31,-33.41,0.0,3.74,0.0,-0.1865,0.2354,0.9538,0.0,-30.48,-20.8,-33.25,0.0,3.64,0.0,-0.0995,0.2041,0.9739,0.0,0.6017,0.3259,0.0,-82.4,101.12,506.52,0.0,4286313.0,3198118.0,3.418096
304366173,26.26,-23.31,-33.41,0.0,3.73,0.0,-0.1856,0.2362,0.9538,0.0,-30.48,-20.8,-33.25,0.0,3.63,0.0,-0.0989,0.206,0.9735,0.0,0.6012,0.324,0.0,-82.82,103.17,512.19,0.0,4306293.0,3218098.0,3.438076
304386162,26.26,-23.31,-33.41,0.0,3.71,0.0,-0.1832,0.2374,0.954,0.0,-30.47,-20.8,-33.25,0.0,3.62,0.0,-0.0963,0.2068,0.9736,0.0,0.5996,0.3229,0.0,-81.04,103.14,509.63,0.0,4326282.0,3238087.0,3.458065
304406142,26.27,-23.29,-33.43,0.0,3.72,0.0,-0.1789,0.2406,0.954,0.0,-30.47,-20.79,-33.25,0.0,3.6,0.0,-0.0943,0.209,0.9734,0.0,0.5974,0.3192,0.0,-80.29,106.46,517.15,0.0,4346262.0,3258067.0,3.478045
304426130,26.28,-23.29,-33.43,0.0,3.71,0.0,-0.1775,0.2398,0.9545,0.0,-30.46,-20.79,-33.25,0.0,3.59,0.0,-0.0935,0.2091,0.9734,0.0,0.5966,0.3192,0.0,-80.77,108.06,525.05,0.0,4366250.0,3278055.0,3.498033
304446137,26.31,-23.31,-33.42,0.0,3.67,0.0,-0.1677,0.2337,0.9577,0.0,-30.39,-20.79,-33.23,0.0,3.57,0.0,-0.0868,0.2003,0.9759,0.0,0.5906,0.328,0.0,-76.54,104.79,531.48,0.0,4386257.0,3298062.0,3.51804
304466124,26.38,-23.33,-33.41,0.0,3.63,0.0,-0.1502,0.2233,0.9631,0.0,-30.33,-20.8,-33.21,0.0,3.59,0.0,-0.0742,0.1902,0.9789,0.0,0.5798,0.3387,0.0,-71.26,105.44,565.19,0.0,4406244.0,3318049.0,3.538027
304486104,26.41,-23.34,-33.41,0.0,3.62,0.0,-0.1404,0.22,0.9653,0.0,-30.3,-20.8,-33.2,0.0,3.59,0.0,-0.0663,0.1875,0.98,0.0,0.5738,0.3415,0.0,-67.51,106.98,582.55,0.0,4426224.0,3338029.0,3.558007
304506093,26.43,-23.35,-33.4,0.0,3.61,0.0,-0.136,0.2174,0.9666,0.0,-30.29,-20.8,-33.2,0.0,3.59,0.0,-0.0626,0.1859,0.9806,0.0,0.5709,0.3435,0.0,-66.1,108.03,594.56,0.0,4446213.0,3358018.0,3.577996
304526073,26.44,-23.35,-33.4,0.0,3.62,0.0,-0.1341,0.2177,0.9668,0.0,-30.28,-20.8,-33.19,0.0,3.61,0.0,-0.0605,0.1847,0.9809,0.0,0.5697,0.3445,0.0,-63.79,105.66,584.81,0.0,4466193.0,3377998.0,3.597976
304546056,26.45,-23.35,-33.4,0.0,3.62,0.0,-0.1328,0.2166,0.9672,0.0,-30.27,-20.81,-33.19,0.0,3.61,0.0,-0.0596,0.185,0.9809,0.0,0.5689,0.3444,0.0,-64.19,107.65,595.85,0.0,4486176.0,3397981.0,3.617959
304566038,26.45,-23.35,-33.4,0.0,3.63,0.0,-0.1319,0.2164,0.9674,0.0,-30.27,-20.81,-33.18,0.0,3.62,0.0,-0.0594,0.1849,0.981,0.0,0.5684,0.3444,0.0,-64.25,108.59,600.79,0.0,4506158.0,3417963.0,3.637941
304586055,26.46,-23.36,-33.4,0.0,3.63,0.0,-0.131,0.2157,0.9676,0.0,-30.26,-20.81,-33.18,0.0,3.62,0.0,-0.0594,0.1847,0.981,0.0,0.5681,0.3446,0.0,-64.84,110.05,609.62,0.0,4526175.0,3437980.0,3.657958
304606036,26.46,-23.36,-33.4,0.0,3.64,0.0,-0.131,0.2159,0.9676,0.0,-30.26,-20.82,-33.17,0.0,3.62,0.0,-0.0595,0.185,0.9809,0.0,0.5681,0.3442,0.0,-65.0,110.49,610.9,0.0,4546156.0,3457961.0,3.677939
304626024,26.46,-23.36,-33.4,0.0,3.64,0.0,-0.1307,0.2154,0.9677,0.0,-30.25,-20.82,-33.17,0.0,3.63,0.0,-0.0595,0.1852,0.9809,0.0,0.5679,0.3441,0.0,-65.57,111.79,617.75,0.0,4566144.0,3477949.0,3.697927
304646000,26.46,-23.36,-33.4,0.0,3.66,0.0,-0.1305,0.2156,0.9677,0.0,-30.25,-20.82,-33.16,0.0,3.63,0.0,-0.0584,0.1853,0.9809,0.0,0.5676,0.3441,0.0,-64.54,110.66,611.69,0.0,4586120.0,3497925.0,3.717903
304666018,26.47,-23.36,-33.39,0.0,3.67,0.0,-0.1302,0.2149,0.9679,0.0,-30.24,-20.82,-33.16,0.0,3.64,0.0,-0.0584,0.1852,0.981,0.0,0.5674,0.3444,0.0,-64.93,111.5,617.19,0.0,4606138.0,3517943.0,3.737921
304685999,26.47,-23.37,-33.39,0.0,3.68,0.0,-0.1301,0.2143,0.9681,0.0,-30.24,-20.83,-33.16,0.0,3.64,0.0,-0.0569,0.1842,0.9812,0.0,0.5669,0.3458,0.0,-63.28,108.6,605.81,0.0,4626119.0,3537924.0,3.757902
304705986,26.47,-23.36,-33.37,0.0,3.69,0.0,-0.1303,0.2086,0.9693,0.0,-30.23,-20.86,-33.12,0.0,3.66,0.0,-0.0578,0.1888,0.9803,0.0,0.5668,0.3441,0.0,-69.74,121.09,669.26,0.0,4646106.0,3557911.0,3.777889
304725967,26.48,-23.35,-33.35,0.0,3.73,0.0,-0.1312,0.2079,0.9693,0.0,-30.23,-20.86,-33.14,0.0,3.66,0.0,-0.0565,0.1883,0.9805,0.0,0.5668,0.3454,0.0,-67.91,117.11,651.7,0.0,4666087.0,3577892.0,3.79787
304745951,26.48,-23.34,-33.35,0.0,3.74,0.0,-0.131,0.2023,0.9705,0.0,-30.23,-20.87,-33.12,0.0,3.67,0.0,-0.0575,0.1902,0.9801,0.0,0.5668,0.3461,0.0,-72.12,123.93,692.3,0.0,4686071.0,3597876.0,3.817854
304765931,26.51,-23.42,-33.27,0.0,3.73,0.0,-0.1341,0.2142,0.9675,0.0,-30.23,-20.86,-33.13,0.0,3.67,0.0,-0.0564,0.192,0.9798,0.0,0.5681,0.3409,0.0,-65.65,113.69,617.81,0.0,4706051.0,3617856.0,3.837834
304785918,26.54,-23.53,-33.15,0.0,3.72,0.0,-0.1382,0.2271,0.964,0.0,-30.23,-20.86,-33.13,0.0,3.67,0.0,-0.0555,0.1935,0.9795,0.0,0.5701,0.3365,0.0,-58.42,100.42,533.21,0.0,4726038.0,3637843.0,3.857821
304805931,26.58,-23.64,-33.0,0.0,3.73,0.0,-0.1426,0.241,0.96,0.0,-30.23,-20.86,-33.13,0.0,3.69,0.0,-0.0545,0.1968,0.9789,0.0,0.5723,0.3308,0.0,-52.1,89.24,460.32,0.0,4746051.0,3657856.0,3.877834
304825917,26.63,-23.76,-32.85,0.0,3.74,0.0,-0.1473,0.2558,0.9554,0.0,-30.23,-20.86,-33.13,0.0,3.69,0.0,-0.0537,0.2007,0.9782,0.0,0.5749,0.3247,0.0,-46.7,79.45,397.7,0.0,4766037.0,3677842.0,3.89782
304845894,26.67,-23.88,-32.7,0.0,3.74,0.0,-0.1519,0.2686,0.9512,0.0,-30.23,-20.86,-33.13,0.0,3.71,0.0,-0.0534,0.2054,0.9772,0.0,0.5776,0.3182,0.0,-43.38,73.42,356.36,0.0,4786014.0,3697819.0,3.917797
304865882,26.72,-23.99,-32.55,0.0,3.74,0.0,-0.1568,0.2833,0.9461,0.0,-30.23,-20.86,-33.13,0.0,3.72,0.0,-0.053,0.2082,0.9767,0.0,0.5807,0.3136,0.0,-39.18,64.99,308.69,0.0,4806002.0,3717807.0,3.937785
304885862,26.76,-24.11,-32.4,0.0,3.74,0.0,-0.1614,0.2975,0.941,0.0,-30.23,-20.86,-33.13,0.0,3.75,0.0,-0.0544,0.2137,0.9754,0.0,0.5842,0.3059,0.0,-37.02,60.82,278.99,0.0,4825982.0,3737787.0,3.957765
304905881,26.81,-24.23,-32.25,0.0,3.74,0.0,-0.1662,0.3123,0.9353,0.0,-30.23,-20.85,-33.14,0.0,3.76,0.0,-0.0547,0.216,0.9749,0.0,0.588,0.3022,0.0,-33.77,53.86,242.94,0.0,4846001.0,3757806.0,3.977784
304925861,26.85,-24.35,-32.1,0.0,3.74,0.0,-0.1705,0.3264,0.9297,0.0,-30.23,-20.84,-33.13,0.0,3.78,0.0,-0.0552,0.2191,0.9741,0.0,0.5917,0.2977,0.0,-31.4,48.92,216.33,0.0,4865981.0,3777786.0,3.997764
304945845,26.89,-24.48,-31.95,0.0,3.73,0.0,-0.1751,0.3419,0.9233,0.0,-30.23,-20.83,-33.13,0.0,3.79,0.0,-0.0548,0.2231,0.9733,0.0,0.5956,0.2922,0.0,-29.09,44.47,192.01,0.0,4885965.0,3797770.0,4.017748
304965825,26.91,-24.53,-31.89,0.0,3.73,0.0,-0.1767,0.3488,0.9204,0.0,-30.23,-20.83,-33.14,0.0,3.8,0.0,-0.0549,0.2249,0.9728,0.0,0.5973,0.2898,0.0,-28.17,42.69,182.45,0.0,4905945.0,3817750.0,4.037728
304985813,26.92,-24.54,-31.86,0.0,3.73,0.0,-0.1773,0.3526,0.9188,0.0,-30.24,-20.84,-33.14,0.0,3.79,0.0,-0.0574,0.218,0.9743,0.0,0.5976,0.2928,0.0,-28.41,42.36,183.35,0.0,4343879.0,3837738.0,4.057716
305005794,26.92,-24.55,-31.85,0.0,3.73,0.0,-0.1771,0.353,0.9187,0.0,-30.24,-20.84,-33.14,0.0,3.8,0.0,-0.057,0.2224,0.9733,0.0,0.5974,0.2893,0.0,-28.43,43.12,183.97,0.0,4363860.0,3857719.0,4.077697
305025812,26.92,-24.55,-31.85,0.0,3.72,0.0,-0.1771,0.3528,0.9188,0.0,-30.24,-20.84,-33.14,0.0,3.79,0.0,-0.056,0.2211,0.9736,0.0,0.597,0.29,0.0,-28.41,43.18,184.78,0.0,4383878.0,3877737.0,4.097715
305045789,26.92,-24.55,-31.85,0.0,3.72,0.0,-0.1772,0.3531,0.9186,0.0,-30.24,-20.85,-33.13,0.0,3.79,0.0,-0.0554,0.218,0.9744,0.0,0.5966,0.2916,0.0,-28.44,43.08,185.59,0.0,4403855.0,3897714.0,4.117692
305065775,26.92,-24.56,-31.84,0.0,3.71,0.0,-0.1772,0.3526,0.9188,0.0,-30.24,-20.85,-33.13,0.0,3.79,0.0,-0.0536,0.2204,0.9739,0.0,0.5959,0.2901,0.0,-28.32,43.51,186.26,0.0,4423841.0,3917700.0,4.137678
305085756,26.92,-24.56,-31.84,0.0,3.7,0.0,-0.1777,0.3518,0.9191,0.0,-30.25,-20.86,-33.14,0.0,3.78,0.0,-0.0527,0.2208,0.9739,0.0,0.5957,0.2902,0.0,-28.36,43.66,186.97,0.0,4443822.0,3937681.0,4.157659
305105745,26.93,-24.57,-31.83,0.0,3.69,0.0,-0.178,0.3507,0.9194,0.0,-30.24,-20.87,-33.13,0.0,3.77,0.0,-0.0528,0.2191,0.9743,0.0,0.5957,0.2918,0.0,-28.49,43.54,187.76,0.0,4463811.0,3957670.0,4.177648
305125754,26.93,-24.57,-31.82,0.0,3.7,0.0,-0.1785,0.3514,0.919,0.0,-30.25,-20.88,-33.15,0.0,3.75,0.0,-0.052,0.2179,0.9746,0.0,0.5955,0.2919,0.0,-28.53,43.68,188.42,0.0,4483820.0,3977679.0,4.197657
305145740,26.93,-24.58,-31.82,0.0,3.69,0.0,-0.1788,0.351,0.9192,0.0,-30.24,-20.89,-33.14,0.0,3.74,0.0,-0.052,0.2143,0.9754,0.0,0.5955,0.2945,0.0,-28.65,43.39,189.18,0.0,4503806.0,3997665.0,4.217643
305165720,26.93,-24.58,-31.82,0.0,3.7,0.0,-0.1792,0.3507,0.9192,0.0,-30.24,-20.9,-33.13,0.0,3.73,0.0,-0.0521,0.2106,0.9762,0.0,0.5956,0.297,0.0,-28.79,43.09,189.89,0.0,4523786.0,4017645.0,4.237623
305185707,26.93,-24.59,-31.81,0.0,3.7,0.0,-0.1822,0.3523,0.918,0.0,-30.24,-20.91,-33.12,0.0,3.72,0.0,-0.0525,0.2088,0.9765,0.0,0.5968,0.2969,0.0,-29.26,43.23,190.36,0.0,4543773.0,4037632.0,4.25761
305205687,26.59,-23.82,-32.77,0.0,3.81,0.0,-0.1756,0.2736,0.9457,0.0,-30.25,-20.92,-33.12,0.0,3.69,0.0,-0.0534,0.2071,0.9769,0.0,0.5876,0.3206,0.0,-42.32,62.28,305.05,0.0,4563753.0,4057612.0,4.27759
305225675,26.46,-23.51,-33.16,0.0,3.85,0.0,-0.1721,0.2382,0.9559,0.0,-30.26,-20.92,-33.12,0.0,3.69,0.0,-0.057,0.207,0.9767,0.0,0.5844,0.3308,0.0,-53.79,78.27,402.81,0.0,4583741.0,4077600.0,4.297578
305245682,26.4,-23.39,-33.31,0.0,3.87,0.0,-0.1694,0.2237,0.9598,0.0,-30.28,-20.92,-33.13,0.0,3.67,0.0,-0.0586,0.209,0.9762,0.0,0.583,0.3347,0.0,-58.51,84.85,445.38,0.0,4603748.0,4097607.0,4.317585
305265670,26.38,-23.34,-33.37,0.0,3.88,0.0,-0.1697,0.2183,0.961,0.0,-30.3,-20.91,-33.13,0.0,3.67,0.0,-0.0633,0.2072,0.9763,0.0,0.5842,0.3374,0.0,-62.56,88.15,468.82,0.0,4623736.0,4117595.0,4.337573
305285650,26.57,-23.79,-32.82,0.0,3.84,0.0,-0.1784,0.2659,0.9473,0.0,-30.3,-20.91,-33.13,0.0,3.68,0.0,-0.0664,0.2054,0.9764,0.0,0.5918,0.322,0.0,-49.1,68.3,336.5,0.0,4643716.0,4137575.0,4.357553
305305640,26.64,-23.98,-32.57,0.0,3.84,0.0,-0.186,0.2905,0.9386,0.0,-30.31,-20.91,-33.13,0.0,3.7,0.0,-0.0693,0.2044,0.9764,0.0,0.5989,0.3191,0.0,-41.46,54.11,262.71,0.0,4663706.0,4157565.0,4.377543
305325619,26.68,-24.08,-32.45,0.0,3.84,0.0,-0.1923,0.3033,0.9333,0.0,-30.32,-20.9,-33.12,0.0,3.72,0.0,-0.0728,0.2037,0.9763,0.0,0.6048,0.319,0.0,-38.46,47.33,229.38,0.0,4683685.0,4177544.0,4.397522
305345634,26.69,-24.14,-32.37,0.0,3.85,0.0,-0.1983,0.3123,0.929,0.0,-30.33,-20.9,-33.13,0.0,3.74,0.0,-0.0759,0.2038,0.9761,0.0,0.61,0.3186,0.0,-36.93,43.34,209.45,0.0,4703700.0,4197559.0,4.417537
305365614,26.7,-24.18,-32.31,0.0,3.85,0.0,-0.2037,0.3188,0.9257,0.0,-30.34,-20.89,-33.13,0.0,3.76,0.0,-0.0782,0.2038,0.9759,0.0,0.6143,0.3186,0.0,-36.01,40.62,196.1,0.0,4723680.0,4217539.0,4.437517
305385602,26.71,-24.21,-32.28,0.0,3.86,0.0,-0.2064,0.3218,0.924,0.0,-30.35,-20.88,-33.14,0.0,3.79,0.0,-0.0804,0.2044,0.9756,0.0,0.6167,0.3178,0.0,-35.91,39.79,191.31,0.0,4743668.0,4237527.0,4.457505
305405583,26.75,-24.31,-32.15,0.0,3.86,0.0,-0.211,0.3334,0.9189,0.0,-30.36,-20.88,-33.14,0.0,3.82,0.0,-0.0826,0.2028,0.9757,0.0,0.6186,0.3123,0.0,-36.55,40.85,191.62,0.0,4763649.0,4257508.0,4.477486
305425569,26.79,-24.44,-31.98,0.0,3.86,0.0,-0.2164,0.3487,0.9119,0.0,-30.36,-20.88,-33.14,0.0,3.84,0.0,-0.0826,0.2037,0.9755,0.0,0.621,0.3011,0.0,-37.25,42.88,191.44,0.0,4783635.0,4277494.0,4.497472
305445546,26.85,-24.59,-31.79,0.0,3.85,0.0,-0.2223,0.3652,0.904,0.0,-30.36,-20.87,-33.14,0.0,3.87,0.0,-0.085,0.2026,0.9756,0.0,0.6246,0.2904,0.0,-38.28,44.76,191.0,0.0,4803612.0,4297471.0,4.517449
305465565,26.91,-24.74,-31.6,0.0,3.84,0.0,-0.2278,0.3815,0.8958,0.0,-30.36,-20.87,-33.14,0.0,3.89,0.0,-0.0854,0.2033,0.9754,0.0,0.6275,0.2786,0.0,-38.99,46.77,190.31,0.0,4823631.0,4317490.0,4.537468
305485544,26.93,-24.8,-31.53,0.0,3.84,0.0,-0.2303,0.3886,0.8922,0.0,-30.36,-20.87,-33.14,0.0,3.9,0.0,-0.0856,0.2034,0.9753,0.0,0.6287,0.2735,0.0,-39.29,47.59,189.88,0.0,4843610.0,4337469.0,4.557447
305505533,26.94,-24.82,-31.5,0.0,3.84,0.0,-0.2316,0.391,0.8908,0.0,-30.36,-20.86,-33.14,0.0,3.92,0.0,-0.085,0.2074,0.9745,0.0,0.6292,0.2691,0.0,-39.34,48.3,189.52,0.0,4863599.0,4357458.0,4.577436
305525513,26.94,-24.83,-31.49,0.0,3.84,0.0,-0.232,0.392,0.8902,0.0,-30.36,-20.87,-33.14,0.0,3.91,0.0,-0.0831,0.2068,0.9748,0.0,0.6287,0.2688,0.0,-39.15,48.31,189.37,0.0,4883579.0,4377438.0,4.597416
305545498,26.94,-24.83,-31.48,0.0,3.85,0.0,-0.2319,0.3923,0.8901,0.0,-30.37,-20.87,-33.14,0.0,3.91,0.0,-0.0794,0.2157,0.9732,0.0,0.6275,0.2625,0.0,-38.67,49.35,189.01,0.0,4903564.0,4397423.0,4.617401
305565508,26.95,-24.83,-31.48,0.0,3.85,0.0,-0.2312,0.3919,0.8905,0.0,-30.36,-20.87,-33.14,0.0,3.92,0.0,-0.0788,0.2187,0.9726,0.0,0.6271,0.2608,0.0,-38.51,49.62,188.89,0.0,4923574.0,4417433.0,4.637411
305585494,26.95,-24.83,-31.48,0.0,3.85,0.0,-0.231,0.3917,0.8906,0.0,-30.36,-20.87,-33.14,0.0,3.95,0.0,-0.0794,0.2239,0.9714,0.0,0.6273,0.2573,0.0,-38.53,50.2,188.71,0.0,4943560.0,4437419.0,4.657397
305605477,26.95,-24.83,-31.49,0.0,3.86,0.0,-0.2304,0.3917,0.8908,0.0,-30.36,-20.87,-33.14,0.0,3.98,0.0,-0.0809,0.2287,0.9701,0.0,0.6278,0.254,0.0,-38.64,50.78,188.59,0.0,4963543.0,4457402.0,4.67738
305625463,26.95,-24.82,-31.49,0.0,3.86,0.0,-0.2304,0.3917,0.8908,0.0,-30.36,-20.86,-33.14,0.0,3.98,0.0,-0.0812,0.2264,0.9706,0.0,0.6278,0.2555,0.0,-38.68,50.54,188.72,0.0,4401447.0,4477388.0,4.697366
305645441,26.95,-24.82,-31.49,0.0,3.87,0.0,-0.2301,0.392,0.8907,0.0,-30.36,-20.86,-33.14,0.0,3.98,0.0,-0.0804,0.2252,0.971,0.0,0.6274,0.2562,0.0,-38.57,50.44,188.81,0.0,4421425.0,4497366.0,4.717344
305665427,26.95,-24.82,-31.5,0.0,3.88,0.0,-0.2295,0.3924,0.8907,0.0,-30.36,-20.86,-33.14,0.0,3.98,0.0,-0.0795,0.2243,0.9713,0.0,0.6268,0.2564,0.0,-38.39,50.4,188.87,0.0,4441411.0,4517352.0,4.73733
305685438,26.81,-23.91,-32.65,0.0,3.89,0.0,-0.1501,0.3019,0.9415,0.0,-30.21,-20.76,-33.25,0.0,4.04,0.0,-0.0325,0.2316,0.9723,0.0,0.5722,0.2868,0.0,-34.0,71.68,303.94,0.0,4461422.0,4537363.0,4.757341
305705427,27.02,-23.58,-33.15,0.0,3.81,0.0,-0.0378,0.2749,0.9607,0.0,-29.79,-20.68,-33.37,0.0,4.12,0.0,0.0683,0.2286,0.9711,0.0,0.4979,0.2922,0.0,5.59,92.78,407.6,0.0,4481411.0,4557352.0,4.77733
305725408,27.36,-23.44,-33.45,0.0,3.83,0.0,0.0768,0.2672,0.9606,0.0,-29.31,-20.67,-33.53,0.0,4.36,0.0,0.1431,0.2704,0.952,0.0,0.4364,0.2505,0.0,91.15,202.85,766.62,0.0,4501392.0,4577333.0,4.797311
305745391,27.65,-23.39,-33.58,0.0,3.91,0.0,0.1588,0.261,0.9522,0.0,-28.87,-20.84,-33.32,0.0,4.11,0.0,0.1899,0.3029,0.9339,0.0,0.3906,0.2385,0.0,93.94,130.78,477.62,0.0,4521375.0,4597316.0,4.817294
305765371,27.77,-23.37,-33.62,0.0,3.95,0.0,0.1887,0.2592,0.9472,0.0,-28.71,-20.9,-33.25,0.0,3.97,0.0,0.2049,0.309,0.9287,0.0,0.3637,0.266,0.0,50.58,51.61,209.58,0.0,4541355.0,4617296.0,4.837274
305785359,27.83,-23.36,-33.62,0.0,3.95,0.0,0.1977,0.2579,0.9457,0.0,-28.66,-20.92,-33.24,0.0,3.93,0.0,0.2123,0.3123,0.9259,0.0,0.3574,0.264,0.0,53.01,52.15,210.41,0.0,4561343.0,4637284.0,4.857262
305805370,27.85,-23.36,-33.61,0.0,3.95,0.0,0.1993,0.2556,0.946,0.0,-28.65,-20.92,-33.23,0.0,3.92,0.0,0.2131,0.316,0.9245,0.0,0.3566,0.2625,0.0,53.62,52.73,211.56,0.0,4581354.0,4657295.0,4.877273
305825358,27.86,-23.36,-33.6,0.0,3.94,0.0,0.1987,0.2536,0.9467,0.0,-28.64,-20.93,-33.23,0.0,3.91,0.0,0.2139,0.3171,0.924,0.0,0.3566,0.2628,0.0,53.94,53.0,212.85,0.0,4601342.0,4677283.0,4.897261
305845335,27.87,-23.36,-33.59,0.0,3.94,0.0,0.1989,0.2529,0.9468,0.0,-28.65,-20.93,-33.23,0.0,3.92,0.0,0.2167,0.3217,0.9217,0.0,0.3555,0.2595,0.0,54.6,53.9,213.83,0.0,4621319.0,4697260.0,4.917238
305865322,27.88,-23.35,-33.58,0.0,3.93,0.0,0.1988,0.2527,0.9469,0.0,-28.65,-20.93,-33.22,0.0,3.93,0.0,0.2184,0.3238,0.9206,0.0,0.3549,0.2578,0.0,55.09,54.51,214.9,0.0,4641306.0,4717247.0,4.937225
305885302,27.88,-23.35,-33.58,0.0,3.93,0.0,0.1991,0.2531,0.9467,0.0,-28.65,-20.93,-33.22,0.0,3.93,0.0,0.2193,0.3239,0.9203,0.0,0.3546,0.2571,0.0,55.52,54.95,216.04,0.0,4661286.0,4737227.0,4.957205
305905321,27.89,-23.35,-33.57,0.0,3.92,0.0,0.1994,0.2539,0.9465,0.0,-28.66,-20.93,-33.21,0.0,3.92,0.0,0.2203,0.3229,0.9204,0.0,0.3542,0.2568,0.0,55.95,55.29,217.2,0.0,4681305.0,4757246.0,4.977224
305925301,27.89,-23.35,-33.56,0.0,3.91,0.0,0.1993,0.254,0.9464,0.0,-28.66,-20.93,-33.21,0.0,3.92,0.0,0.2206,0.3224,0.9205,0.0,0.3542,0.2568,0.0,56.25,55.61,218.39,0.0,4701285.0,4777226.0,4.997204
305945285,27.89,-23.34,-33.56,0.0,3.9,0.0,0.1993,0.2546,0.9463,0.0,-28.67,-20.93,-33.21,0.0,3.91,0.0,0.2216,0.3215,0.9206,0.0,0.354,0.2567,0.0,56.64,55.92,219.56,0.0,4721269.0,4797210.0,5.017188
305965266,27.9,-23.34,-33.55,0.0,3.88,0.0,0.1993,0.2555,0.9461,0.0,-28.67,-20.93,-33.2,0.0,3.9,0.0,0.2225,0.3218,0.9203,0.0,0.3538,0.2555,0.0,57.02,56.45,220.66,0.0,4741250.0,4817191.0,5.037169
305985253,27.9,-23.33,-33.55,0.0,3.85,0.0,0.1994,0.2562,0.9458,0.0,-28.68,-20.91,-33.2,0.0,3.87,0.0,0.2227,0.3202,0.9208,0.0,0.3538,0.2558,0.0,57.33,56.7,221.86,0.0,4761237.0,4837178.0,5.057156
306005235,27.9,-23.33,-33.54,0.0,3.82,0.0,0.1992,0.2578,0.9454,0.0,-28.68,-20.9,-33.21,0.0,3.85,0.0,0.2234,0.3177,0.9215,0.0,0.3521,0.2588,0.0,54.58,52.82,209.07,0.0,4781219.0,4857160.0,5.077138
306025221,27.9,-23.32,-33.53,0.0,3.6,0.0,0.1879,0.2538,0.9488,0.0,-28.69,-20.88,-33.22,0.0,3.82,0.0,0.2238,0.3145,0.9225,0.0,0.3616,0.25,0.0,68.43,72.94,278.99,0.0,4801205.0,4877146.0,5.097124
306045229,27.9,-23.31,-33.53,0.0,3.67,0.0,0.1929,0.2574,0.9469,0.0,-28.69,-20.86,-33.23,0.0,3.77,0.0,0.2226,0.3091,0.9246,0.0,0.3626,0.2448,0.0,79.58,86.98,326.41,0.0,4821213.0,4897154.0,5.117132
306065217,27.9,-23.31,-33.54,0.0,3.66,0.0,0.1932,0.2583,0.9466,0.0,-28.7,-20.86,-33.22,0.0,3.73,0.0,0.2211,0.3068,0.9257,0.0,0.3641,0.2432,0.0,84.85,94.25,351.53,0.0,4841201.0,4917142.0,5.13712
306085196,27.89,-23.32,-33.52,0.0,3.53,0.0,0.1902,0.263,0.9459,0.0,-28.7,-20.86,-33.21,0.0,3.69,0.0,0.2194,0.304,0.9271,0.0,0.3689,0.2335,0.0,110.24,131.1,472.22,0.0,4861180.0,4937121.0,5.157099
306105185,27.89,-23.32,-33.5,0.0,3.44,0.0,0.1851,0.261,0.9474,0.0,-28.71,-20.86,-33.2,0.0,3.63,0.0,0.2176,0.3011,0.9284,0.0,0.372,0.2353,0.0,115.87,140.17,507.78,0.0,4881169.0,4957110.0,5.177088
306125165,27.89,-23.31,-33.52,0.0,3.47,0.0,0.1854,0.2589,0.948,0.0,-28.71,-20.85,-33.2,0.0,3.57,0.0,0.216,0.2981,0.9298,0.0,0.3727,0.2382,0.0,117.17,141.07,516.27,0.0,4901149.0,4977090.0,5.197068
306145179,27.86,-23.3,-33.52,0.0,3.37,0.0,0.1774,0.2566,0.9501,0.0,-28.72,-20.84,-33.2,0.0,3.51,0.0,0.2122,0.2978,0.9307,0.0,0.3766,0.2411,0.0,110.98,136.46,504.03,0.0,4921163.0,4997104.0,5.217082
306165160,27.84,-23.29,-33.52,0.0,3.31,0.0,0.1732,0.2582,0.9504,0.0,-28.73,-20.83,-33.2,0.0,3.46,0.0,0.2087,0.2982,0.9314,0.0,0.3796,0.2392,0.0,113.16,143.41,525.94,0.0,4941144.0,5017085.0,5.237063
306185146,27.83,-23.29,-33.51,0.0,3.29,0.0,0.1719,0.2599,0.9502,0.0,-28.73,-20.83,-33.19,0.0,3.43,0.0,0.2058,0.2991,0.9318,0.0,0.3813,0.2373,0.0,113.74,146.94,535.23,0.0,4961130.0,5037071.0,5.257049
306205128,27.83,-23.29,-33.49,0.0,3.29,0.0,0.1724,0.2627,0.9493,0.0,-28.73,-20.83,-33.19,0.0,3.41,0.0,0.2033,0.2993,0.9322,0.0,0.3824,0.2341,0.0,120.53,158.89,572.13,0.0,4981112.0,5057053.0,5.277031
306225116,27.82,-23.29,-33.5,0.0,3.26,0.0,0.1705,0.2621,0.9498,0.0,-28.74,-20.84,-33.18,0.0,3.38,0.0,0.2006,0.3004,0.9325,0.0,0.3835,0.2355,0.0,111.57,147.73,534.45,0.0,5001100.0,5077041.0,5.297019
306245123,27.81,-23.29,-33.49,0.0,3.25,0.0,0.1704,0.2652,0.949,0.0,-28.74,-20.85,-33.16,0.0,3.35,0.0,0.1979,0.3011,0.9328,0.0,0.3849,0.2319,0.0,117.01,158.57,566.54,0.0,5021107.0,5097048.0,5.317026
306265111,27.81,-23.29,-33.49,0.0,3.23,0.0,0.17,0.2673,0.9485,0.0,-28.74,-20.85,-33.16,0.0,3.33,0.0,0.1958,0.3015,0.9331,0.0,0.386,0.2295,0.0,121.26,167.24,592.57,0.0,4459011.0,5117036.0,5.337014
306285090,27.8,-23.28,-33.48,0.0,3.2,0.0,0.1676,0.2673,0.9489,0.0,-28.74,-20.84,-33.16,0.0,3.31,0.0,0.1937,0.3021,0.9334,0.0,0.3874,0.2298,0.0,117.53,163.86,580.99,0.0,4478990.0,5137015.0,5.356993
306305079,27.79,-23.28,-33.48,0.0,3.18,0.0,0.1665,0.2669,0.9492,0.0,-28.74,-20.84,-33.16,0.0,3.3,0.0,0.1916,0.3027,0.9336,0.0,0.3882,0.231,0.0,110.62,154.67,550.56,0.0,4498979.0,5157004.0,5.376982
306325060,27.78,-23.27,-33.48,0.0,3.18,0.0,0.1667,0.2682,0.9488,0.0,-28.75,-20.83,-33.16,0.0,3.29,0.0,0.1899,0.3039,0.9336,0.0,0.3885,0.2303,0.0,106.64,149.81,531.91,0.0,4518960.0,5176985.0,5.396963
306345043,27.78,-23.27,-33.48,0.0,3.18,0.0,0.167,0.2687,0.9486,0.0,-28.75,-20.83,-33.16,0.0,3.28,0.0,0.1896,0.303,0.934,0.0,0.3889,0.2293,0.0,112.12,158.52,560.99,0.0,4538943.0,5196968.0,5.416946
306365054,27.78,-23.28,-33.47,0.0,3.17,0.0,0.1665,0.2687,0.9487,0.0,-28.75,-20.84,-33.16,0.0,3.27,0.0,0.1895,0.3011,0.9346,0.0,0.3896,0.2287,0.0,122.38,174.55,616.29,0.0,4558954.0,5216979.0,5.436957
306385042,27.78,-23.28,-33.47,0.0,3.17,0.0,0.1662,0.2683,0.9489,0.0,-28.75,-20.84,-33.15,0.0,3.27,0.0,0.1898,0.2998,0.9349,0.0,0.39,0.2287,0.0,128.39,183.6,648.31,0.0,4578942.0,5236967.0,5.456945
306405022,27.78,-23.28,-33.47,0.0,3.16,0.0,0.1653,0.2669,0.9494,0.0,-28.75,-20.84,-33.15,0.0,3.27,0.0,0.1902,0.2993,0.935,0.0,0.39,0.2304,0.0,125.75,178.95,635.53,0.0,4598922.0,5256947.0,5.476925
306425010,27.78,-23.28,-33.46,0.0,3.16,0.0,0.1652,0.2664,0.9496,0.0,-28.75,-20.85,-33.14,0.0,3.26,0.0,0.1904,0.2985,0.9352,0.0,0.3901,0.2308,0.0,128.01,182.02,647.31,0.0,4618910.0,5276935.0,5.496913
306444987,27.78,-23.28,-33.46,0.0,3.16,0.0,0.1653,0.2655,0.9498,0.0,-28.75,-20.85,-33.13,0.0,3.25,0.0,0.191,0.2983,0.9351,0.0,0.3897,0.2319,0.0,125.53,177.33,632.96,0.0,4638887.0,5296912.0,5.51689
306465005,27.79,-23.28,-33.45,0.0,3.16,0.0,0.1645,0.2641,0.9504,0.0,-28.75,-20.86,-33.12,0.0,3.25,0.0,0.1911,0.2982,0.9352,0.0,0.3897,0.2338,0.0,120.07,168.54,605.65,0.0,4658905.0,5316930.0,5.536908
306484985,27.79,-23.28,-33.45,0.0,3.15,0.0,0.1638,0.2639,0.9505,0.0,-28.75,-20.87,-33.11,0.0,3.25,0.0,0.1917,0.2983,0.935,0.0,0.3898,0.2337,0.0,120.6,169.4,608.5,0.0,4678885.0,5336910.0,5.556888
306504973,27.79,-23.28,-33.44,0.0,3.15,0.0,0.1625,0.2637,0.9508,0.0,-28.75,-20.88,-33.1,0.0,3.24,0.0,0.1922,0.299,0.9347,0.0,0.3899,0.2338,0.0,118.44,166.57,598.45,0.0,4698873.0,5356898.0,5.576876
306524953,27.79,-23.28,-33.44,0.0,3.14,0.0,0.1612,0.2627,0.9513,0.0,-28.75,-20.88,-33.09,0.0,3.24,0.0,0.1926,0.2991,0.9346,0.0,0.3901,0.235,0.0,115.06,161.34,582.17,0.0,4718853.0,5376878.0,5.596856
306544938,27.8,-23.27,-33.44,0.0,3.14,0.0,0.1603,0.2617,0.9517,0.0,-28.74,-20.89,-33.09,0.0,3.23,0.0,0.1922,0.299,0.9347,0.0,0.3904,0.2363,0.0,111.89,156.64,567.72,0.0,4738838.0,5396863.0,5.616841
306564918,27.83,-23.28,-33.45,0.0,3.11,0.0,0.1641,0.2535,0.9533,0.0,-28.73,-20.9,-33.08,0.0,3.22,0.0,0.1939,0.2958,0.9354,0.0,0.3872,0.248,0.0,94.75,123.97,468.54,0.0,4758818.0,5416843.0,5.636821
306584936,27.84,-23.29,-33.46,0.0,3.08,0.0,0.1625,0.2426,0.9564,0.0,-28.73,-20.86,-33.13,0.0,3.17,0.0,0.2042,0.2756,0.9393,0.0,0.3867,0.2593,0.0,133.91,167.73,660.86,0.0,4778836.0,5436861.0,5.656839
306604915,27.84,-23.3,-33.45,0.0,3.06,0.0,0.1611,0.2356,0.9584,0.0,-28.73,-20.85,-33.15,0.0,3.16,0.0,0.2057,0.265,0.9421,0.0,0.3873,0.2686,0.0,144.0,175.02,714.63,0.0,4798815.0,5456840.0,5.676818
306624904,27.84,-23.3,-33.44,0.0,3.05,0.0,0.1602,0.2318,0.9595,0.0,-28.72,-20.68,-33.3,0.0,3.13,0.0,0.208,0.2338,0.9498,0.0,0.3887,0.2836,0.0,208.42,241.97,1049.02,0.0,4818804.0,5476829.0,5.696807
306644881,27.84,-23.31,-33.44,0.0,3.05,0.0,0.1587,0.229,0.9604,0.0,-28.72,-20.56,-33.4,0.0,3.13,0.0,0.2082,0.2124,0.9547,0.0,0.3889,0.2995,0.0,188.94,205.74,954.55,0.0,4838781.0,5496806.0,5.716784
306664869,27.84,-23.31,-33.44,0.0,3.04,0.0,0.1579,0.2252,0.9614,0.0,-28.73,-20.49,-33.46,0.0,3.13,0.0,0.2084,0.2001,0.9574,0.0,0.3886,0.3111,0.0,167.29,172.66,844.74,0.0,4858769.0,5516794.0,5.736772
306684848,27.84,-23.32,-33.43,0.0,3.04,0.0,0.1578,0.2245,0.9616,0.0,-28.71,-20.76,-33.26,0.0,3.14,0.0,0.2099,0.226,0.9512,0.0,0.3886,0.2939,0.0,191.51,213.03,964.63,0.0,4878748.0,5536773.0,5.756751
306704867,27.83,-23.33,-33.43,0.0,3.05,0.0,0.1585,0.2249,0.9614,0.0,-28.72,-20.71,-33.29,0.0,3.15,0.0,0.2103,0.2192,0.9528,0.0,0.3883,0.2975,0.0,194.47,212.49,977.56,0.0,4898767.0,5556792.0,5.77677
306724847,27.83,-23.33,-33.42,0.0,3.06,0.0,0.1585,0.2251,0.9614,0.0,,,,,,,,,,,0.3883,0.2965,0.0,194.51,213.35,977.36,0.0,4918747.0,5576772.0,5.79675
306744832,27.84,-23.34,-33.42,0.0,3.06,0.0,0.1588,0.2246,0.9614,0.0,,,,,,,,,,,0.3881,0.2971,0.0,194.85,212.8,977.44,0.0,4938732.0,5596757.0,5.816735
306764812,27.84,-23.35,-33.41,0.0,3.06,0.0,0.1586,0.2229,0.9619,0.0,,,,,,,,,,,0.3883,0.2992,0.0,194.59,211.03,977.9,0.0,4958712.0,5616737.0,5.836715
306784799,27.84,-23.36,-33.4,0.0,3.06,0.0,0.1588,0.222,0.962,0.0,,,,,,,,,,,0.3881,0.3002,0.0,194.85,210.09,978.08,0.0,4978699.0,5636724.0,5.856702
306804780,27.83,-23.36,-33.4,0.0,3.07,0.0,0.1591,0.2217,0.9621,0.0,,,,,,,,,,,0.388,0.3006,0.0,195.08,209.75,978.12,0.0,4998680.0,5656705.0,5.876683
306824798,27.84,-23.37,-33.39,0.0,3.08,0.0,0.1596,0.2211,0.9621,0.0,-28.72,-20.9,-33.17,0.0,3.19,0.0,0.2135,0.2282,0.9499,0.0,0.3865,0.2956,0.0,181.83,197.26,900.14,0.0,5018698.0,5676723.0,5.896701
306844774,27.84,-23.38,-33.39,0.0,3.08,0.0,0.1605,0.2207,0.962,0.0,-28.75,-20.65,-33.33,0.0,3.21,0.0,0.2141,0.2068,0.9547,0.0,0.3861,0.3083,0.0,184.0,188.23,909.5,0.0,5038674.0,5696699.0,5.916677
306864762,27.85,-23.39,-33.38,0.0,3.1,0.0,0.162,0.2204,0.9619,0.0,-28.75,-20.54,-33.41,0.0,3.22,0.0,0.2141,0.1979,0.9565,0.0,0.3854,0.3146,0.0,174.02,171.88,855.74,0.0,5058662.0,5716687.0,5.936665
306884743,27.85,-23.39,-33.38,0.0,3.11,0.0,0.163,0.2135,0.9632,0.0,-28.74,-20.45,-33.49,0.0,3.24,0.0,0.212,0.187,0.9592,0.0,0.3858,0.3255,0.0,170.86,160.82,844.05,0.0,5078643.0,5736668.0,5.956646
306904730,27.86,-23.39,-33.38,0.0,3.11,0.0,0.1632,0.2122,0.9635,0.0,-28.71,-20.32,-33.6,0.0,3.25,0.0,0.2089,0.1721,0.9627,0.0,0.3856,0.3399,0.0,136.04,118.88,672.35,0.0,4516581.0,5756655.0,5.976633
306924741,27.86,-23.39,-33.38,0.0,3.11,0.0,0.1638,0.2137,0.9631,0.0,,,,,,,,,,,0.3753,0.3171,0.0,147.07,132.21,667.75,0.0,4536592.0,5776666.0,5.996644
306944725,27.86,-23.38,-33.39,0.0,3.12,0.0,0.1651,0.2144,0.9627,0.0,-28.67,-20.84,-33.21,0.0,3.24,0.0,0.2037,0.2224,0.9534,0.0,0.3892,0.2988,0.0,242.55,265.55,1228.51,0.0,4556576.0,5796650.0,6.016628
306964706,27.86,-23.37,-33.41,0.0,3.13,0.0,0.1663,0.2152,0.9623,0.0,-28.68,-21.02,-33.1,0.0,3.24,0.0,0.2001,0.246,0.9484,0.0,0.3878,0.2923,0.0,147.76,164.28,738.89,0.0,4576557.0,5816631.0,6.036609
306984693,27.75,-23.36,-33.47,0.0,3.19,0.0,0.1305,0.1914,0.9728,0.0,-28.95,-20.89,-33.45,0.0,3.29,0.0,0.1947,0.2256,0.9546,0.0,0.4004,0.3261,0.0,102.37,109.8,575.89,0.0,4596544.0,5836618.0,6.056596
307004674,27.55,-23.36,-33.61,0.0,3.15,0.0,0.1041,0.138,0.9849,0.0,-29.12,-21.01,-33.49,0.0,3.22,0.0,0.1573,0.1939,0.9683,0.0,0.42,0.3899,0.0,59.79,54.68,418.29,0.0,4616525.0,5856599.0,6.076577
307024662,27.44,-23.56,-33.47,0.0,3.15,0.0,0.0833,0.1173,0.9896,0.0,-29.24,-21.03,-33.6,0.0,3.25,0.0,0.1446,0.1727,0.9743,0.0,0.4313,0.4148,0.0,52.98,46.21,429.89,0.0,4636513.0,5876587.0,6.096565
307044669,27.4,-23.59,-33.49,0.0,3.17,0.0,0.0739,0.1053,0.9917,0.0,-29.3,-21.06,-33.63,0.0,3.31,0.0,0.1333,0.1543,0.979,0.0,0.4386,0.4279,0.0,54.22,46.78,490.41,0.0,4656520.0,5896594.0,6.116572
307064656,27.38,-23.6,-33.48,0.0,3.17,0.0,0.0717,0.0952,0.9929,0.0,-29.32,-21.09,-33.61,0.0,3.32,0.0,0.1261,0.1448,0.9814,0.0,0.4416,0.4393,0.0,51.78,41.65,492.2,0.0,4676507.0,5916581.0,6.136559
307084636,27.38,-23.63,-33.43,0.0,3.16,0.0,0.0711,0.0983,0.9926,0.0,-29.33,-21.11,-33.59,0.0,3.33,0.0,0.122,0.1393,0.9827,0.0,0.4437,0.4343,0.0,60.46,53.19,594.17,0.0,4696487.0,5936561.0,6.156539
307104624,27.37,-23.66,-33.4,0.0,3.15,0.0,0.0722,0.1038,0.992,0.0,-29.33,-21.12,-33.56,0.0,3.33,0.0,0.1205,0.1368,0.9832,0.0,0.4444,0.4271,0.0,72.29,69.07,716.91,0.0,4716475.0,5956549.0,6.176527
307124605,27.37,-23.65,-33.41,0.0,3.16,0.0,0.0728,0.1066,0.9916,0.0,-29.33,-21.14,-33.53,0.0,3.32,0.0,0.1189,0.1353,0.9836,0.0,0.4449,0.4238,0.0,79.78,79.46,797.92,0.0,4736456.0,5976530.0,6.196508
307144620,27.36,-23.64,-33.43,0.0,3.17,0.0,0.0732,0.1072,0.9915,0.0,-29.33,-21.16,-33.49,0.0,3.3,0.0,0.1164,0.136,0.9838,0.0,0.4456,0.4225,0.0,80.89,82.55,818.87,0.0,4756471.0,5996545.0,6.216523
307164599,27.36,-23.62,-33.46,0.0,3.15,0.0,0.0736,0.0996,0.9923,0.0,,,,,,,,,,,0.4383,0.4485,0.0,90.7,62.12,820.47,0.0,4776450.0,6016524.0,6.236502
307184587,27.36,-23.6,-33.47,0.0,3.16,0.0,0.0733,0.0984,0.9924,0.0,,,,,,,,,,,0.4384,0.4498,0.0,90.44,61.11,820.57,0.0,4796438.0,6036512.0,6.25649
307204568,27.35,-23.6,-33.48,0.0,3.17,0.0,0.073,0.0989,0.9924,0.0,,,,,,,,,,,0.4387,0.4493,0.0,90.16,61.53,820.55,0.0,4816419.0,6056493.0,6.276471
307224555,27.36,-23.6,-33.47,0.0,3.19,0.0,0.0737,0.1013,0.9921,0.0,,,,,,,,,,,0.4382,0.4466,0.0,90.81,63.61,820.29,0.0,4836406.0,6076480.0,6.296458
307244563,,,,,,,,,,,-29.06,-21.16,-33.7,0.0,3.42,0.0,0.2087,0.1297,0.9694,0.0,0.3929,0.407,0.0,151.58,91.11,805.46,0.0,4856414.0,6096488.0,6.316466
307264550,27.89,-23.82,-33.71,0.0,3.37,0.0,0.2266,0.0503,0.9727,0.0,-28.22,-22.04,-32.59,0.0,3.24,0.0,0.2208,0.1295,0.9667,0.0,0.3612,0.4529,0.0,192.93,54.67,803.8,0.0,4876401.0,6116475.0,6.336453
307284531,28.36,-23.89,-34.13,0.0,3.44,0.0,0.3385,0.0057,0.941,0.0,-27.39,-23.09,-30.96,0.0,2.95,0.0,0.3026,0.1345,0.9436,0.0,0.2922,0.4713,0.0,277.05,36.98,780.53,0.0,4896382.0,6136456.0,6.356434
307304519,28.57,-23.95,-34.26,0.0,3.45,0.0,0.3837,-0.0107,0.9234,0.0,-27.07,-23.51,-30.32,0.0,2.81,0.0,0.3265,0.1453,0.934,0.0,0.2656,0.473,0.0,306.63,34.28,767.66,0.0,4916370.0,6156444.0,6.376422
307324499,28.68,-24.03,-34.18,0.0,3.44,0.0,0.3936,-0.0121,0.9192,0.0,-26.95,-23.65,-30.09,0.0,2.77,0.0,0.3353,0.1514,0.9299,0.0,0.2583,0.4699,0.0,313.87,35.99,761.89,0.0,4936350.0,6176424.0,6.396402
307344483,28.73,-24.07,-34.13,0.0,3.42,0.0,0.3959,-0.0143,0.9182,0.0,-26.71,-23.96,-29.47,0.0,2.72,0.0,0.3118,0.1698,0.9349,0.0,0.266,0.4611,0.0,303.91,42.58,761.32,0.0,4956334.0,6196408.0,6.416386
307364463,28.78,-24.1,-34.08,0.0,3.43,0.0,0.3886,-0.0202,0.9212,0.0,-26.81,-23.84,-29.74,0.0,2.74,0.0,0.3291,0.1638,0.93,0.0,0.2622,0.468,0.0,306.75,37.25,756.72,0.0,4976314.0,6216388.0,6.436366
307384482,28.8,-24.11,-34.06,0.0,3.42,0.0,0.3858,-0.0206,0.9224,0.0,-27.19,-23.18,-30.85,0.0,2.96,0.0,0.3753,0.1326,0.9173,0.0,0.2456,0.4855,0.0,323.7,23.89,748.04,0.0,4996333.0,6236407.0,6.456385
307404463,28.81,-24.11,-34.05,0.0,3.42,0.0,0.3853,-0.0188,0.9226,0.0,-27.35,-22.91,-31.3,0.0,3.05,0.0,0.3926,0.1174,0.9122,0.0,0.239,0.493,0.0,329.95,18.22,743.82,0.0,5016314.0,6256388.0,6.476366
307424450,28.81,-24.11,-34.04,0.0,3.43,0.0,0.3848,-0.0177,0.9228,0.0,-27.41,-22.83,-31.41,0.0,3.08,0.0,0.399,0.1087,0.9105,0.0,0.2366,0.4975,0.0,331.81,14.97,741.72,0.0,5036301.0,6276375.0,6.496353
307444426,28.64,-23.99,-33.85,0.0,3.55,0.0,0.3226,0.0488,0.9453,0.0,-27.56,-22.61,-31.65,0.0,3.37,0.0,0.3168,0.1846,0.9304,0.0,0.2925,0.4168,0.0,270.23,75.16,758.36,0.0,5056277.0,6296351.0,6.516329
307464414,28.23,-23.71,-33.72,0.0,3.47,0.0,0.2285,0.107,0.9676,0.0,-28.05,-21.84,-32.63,0.0,3.24,0.0,0.2589,0.2275,0.9387,0.0,0.3469,0.3624,0.0,205.32,118.08,769.43,0.0,5076265.0,6316339.0,6.536317
307484424,27.81,-23.49,-33.63,0.0,3.43,0.0,0.1503,0.1714,0.9737,0.0,-28.57,-21.12,-33.53,0.0,3.32,0.0,0.2142,0.2483,0.9447,0.0,0.3791,0.353,0.0,57.31,44.12,269.13,0.0,5096275.0,6336349.0,6.556327
307504414,27.63,-23.42,-33.56,0.0,3.44,0.0,0.1245,0.2025,0.9713,0.0,-28.74,-21.03,-33.52,0.0,3.46,0.0,0.2001,0.212,0.9566,0.0,0.4012,0.325,0.0,113.69,123.5,644.11,0.0,5116265.0,6356339.0,6.576317
307524393,27.55,-23.4,-33.51,0.0,3.43,0.0,0.1162,0.2147,0.9697,0.0,-28.81,-20.99,-33.5,0.0,3.48,0.0,0.1933,0.2041,0.9597,0.0,0.4062,0.3228,0.0,109.38,126.39,651.15,0.0,5136244.0,6376318.0,6.596296
307544378,27.53,-23.39,-33.48,0.0,3.43,0.0,0.1127,0.2202,0.9689,0.0,-28.84,-20.98,-33.48,0.0,3.42,0.0,0.1912,0.2141,0.9579,0.0,0.4081,0.3139,0.0,106.31,130.46,643.79,0.0,4574149.0,6396303.0,6.616281
307564389,27.52,-23.39,-33.46,0.0,3.42,0.0,0.1122,0.2222,0.9685,0.0,-28.86,-21.0,-33.43,0.0,3.33,0.0,0.186,0.2464,0.9512,0.0,0.4095,0.2955,0.0,96.07,129.62,588.36,0.0,4594160.0,6416314.0,6.636292
307584376,27.52,-23.4,-33.44,0.0,3.41,0.0,0.1127,0.2234,0.9682,0.0,-28.88,-21.0,-33.4,0.0,3.3,0.0,0.1816,0.2663,0.9466,0.0,0.4096,0.288,0.0,78.44,109.26,480.3,0.0,4614147.0,6436301.0,6.656279
307604357,27.53,-23.4,-33.43,0.0,3.4,0.0,0.1133,0.2234,0.9681,0.0,-28.89,-20.99,-33.41,0.0,3.29,0.0,0.18,0.2689,0.9462,0.0,0.4097,0.2873,0.0,75.96,106.32,465.96,0.0,4634128.0,6456282.0,6.67626
307624343,27.53,-23.4,-33.42,0.0,3.38,0.0,0.1135,0.2233,0.9681,0.0,-28.9,-20.98,-33.41,0.0,3.27,0.0,0.1765,0.2749,0.9451,0.0,0.4102,0.2866,0.0,68.89,97.19,424.71,0.0,4654114.0,6476268.0,6.696246
307644321,27.54,-23.4,-33.41,0.0,3.36,0.0,0.1135,0.2223,0.9683,0.0,-28.91,-20.97,-33.42,0.0,3.25,0.0,0.1728,0.2809,0.944,0.0,0.4106,0.288,0.0,60.26,84.84,372.86,0.0,4674092.0,6496246.0,6.716224
307664308,27.55,-23.4,-33.4,0.0,3.34,0.0,0.1138,0.2214,0.9685,0.0,-28.92,-20.95,-33.42,0.0,3.24,0.0,0.1703,0.2866,0.9428,0.0,0.4102,0.2905,0.0,52.51,72.88,323.76,0.0,4694079.0,6516233.0,6.736211
307684288,27.55,-23.4,-33.38,0.0,3.32,0.0,0.1141,0.2207,0.9686,0.0,-28.93,-20.95,-33.42,0.0,3.24,0.0,0.1677,0.2898,0.9423,0.0,0.4101,0.2932,0.0,47.63,65.34,293.62,0.0,4714059.0,6536213.0,6.756191
307704307,27.56,-23.4,-33.37,0.0,3.3,0.0,0.1145,0.22,0.9688,0.0,-28.94,-20.94,-33.42,0.0,3.22,0.0,0.1687,0.2889,0.9424,0.0,0.4097,0.2939,0.0,48.23,65.66,295.96,0.0,4734078.0,6556232.0,6.77621
307724288,27.56,-23.4,-33.37,0.0,3.29,0.0,0.1161,0.2203,0.9685,0.0,-28.94,-20.94,-33.41,0.0,3.22,0.0,0.1691,0.2901,0.942,0.0,0.4088,0.294,0.0,47.42,63.9,288.23,0.0,4754059.0,6576213.0,6.796191
307744272,27.6,-23.37,-33.39,0.0,3.26,0.0,0.1226,0.2238,0.9669,0.0,-28.9,-20.93,-33.39,0.0,3.22,0.0,0.1714,0.3015,0.9379,0.0,0.403,0.295,0.0,40.29,50.99,231.22,0.0,4774043.0,6596197.0,6.816175
307764251,27.62,-23.37,-33.39,0.0,3.24,0.0,0.1246,0.2258,0.9662,0.0,-28.87,-20.92,-33.38,0.0,3.2,0.0,0.1762,0.2964,0.9387,0.0,0.4026,0.2873,0.0,48.53,63.15,277.15,0.0,4794022.0,6616176.0,6.836154
307784239,27.63,-23.36,-33.38,0.0,3.23,0.0,0.1265,0.2266,0.9658,0.0,-28.87,-20.87,-33.43,0.0,3.2,0.0,0.1836,0.285,0.9408,0.0,0.4021,0.2818,0.0,64.9,85.91,368.7,0.0,4814010.0,6636164.0,6.856142
307804221,27.64,-23.36,-33.38,0.0,3.22,0.0,0.1277,0.2268,0.9655,0.0,-28.88,-20.81,-33.5,0.0,3.19,0.0,0.1886,0.276,0.9425,0.0,0.4014,0.2811,0.0,78.22,103.14,441.36,0.0,4833992.0,6656146.0,6.876124
307824239,27.65,-23.35,-33.39,0.0,3.2,0.0,0.1302,0.2288,0.9647,0.0,-28.89,-20.78,-33.54,0.0,3.2,0.0,0.1898,0.2672,0.9448,0.0,0.4016,0.2794,0.0,95.98,127.54,542.09,0.0,4854010.0,6676164.0,6.896142
